UUID,sentences
eit72x9f7yyEb8G2oaFQ6b,This article describes a way to periodically move on-premise Cassandra data to S3 for analysis Were been using this approach successfully over the last few months in order to get the best of both worlds for an early-stage platform such as 1200aero: The cost effectiveness of on-premise hosting for a stable live workload and the on-demand scalability of AWS for data analysis and machine learningOur end goal was to upload data to S3 organized as follows: To that effect we performed the following steps described in detail in this article: For your reference we used Cassandra 311 and Spark 231 both straight open source versions • Building a Django POST face-detection API using OpenCV and Haar Cascades • Understanding and building Generative Adversarial Networks(GANs) • Learning from mistakes with Hindsight Experience Replay • Predicting buying behavior using Machine LearningThe data we want to analyze consists of millions of low-altitude air traffic messages captured from ADS-B receivers at a number of regional airports The original table definition is: Notice the primary key is (icao gentime) Cassandra data models are designed with a specific data retrieval use case in mind Our applications query data by aircraft identifier so our partitioning column is the aircrafts icao (a 6-character hex transponder code) followed by gentime (a timestamp) as the clustering column that orders records chronologically within each partitionProblem: In order to periodically export a day/week/months worth of data we needed to be able to retrieve records by date Since such attribute did not originally exist we had to: Defining a new date column in Cassandra is straightforward: However populating it proved more complex than anticipated: We had to update several hundred million records and did not find a suitable CQL UPDATE statement to do so in place (ie deriving day from the gentime timestamp) After evaluating all alternatives we ended up doing this: Export the primary key for every record to a CSV file using CQL: Output file: Update the file in Unix to create a new field based on the existing timestamp: The above yielded a file with the new attribute: Import the modified file into the same table which updates every record with just the new column value leaving all other fields intact: The import took several hours but worked flawlessly In hindsight its still far from ideal and required some research to guarantee the safety of the data but given the lack of support in Cassandra its as good a solution we could findPrior to creating our first Cassandra materialized view we considered secondary indexes However the many caveats and words of caution from experienced users led us in the direction of materialized viewsMaterialized view creation ran in background for ~12 hours as it duplicated and organized the data This query reports any builds in progress: To date we have not observed a significant performance overhead associated with the materialized view DataStax found that every materialized view takes away ~10% of the insert performance on a given tableOnce we had the means to retrieve the data by date we had to ensure that the Spark Cassandra connector issued the right queries to retrieve the data efficientlySpark configuration parameters for the Cassandra connector (passed when creating a SparkConf via spark-submit sparkmagic in Jupyter etc): Import the right packages define a dataset on the Cassandra table: Filter data for a specific date: …or for a number of dates (discrete dates must be specified in an IN condition): To verify that your filter will be applied to the Cassandra table print the physical plan with dfexplain() There should be predicates (ie actual values) being pushed down to the data source as in these examples: Important: Attempts to filter the dataset that dont conform to the connector documentation will cause Spark to issue a full table scan to Cassandra (and thus defeat the purpose of reorganizing your data as done in Step 1)As a reminder our goal was to lay the data in S3 partitioned by date example: So rather than partitioning the dataset by the whole date string (eg 2018 11 06) we needed to partition by its components (year month day) Hence we had to first convert the day column into year month and day columns: At long last we had our data available in Spark with the necessary attributes and partitioned by the criteria we neededSetting up Spark to push data to S3 was pretty easy Required AWS libraries are included in the Hadoop distribution Spark depends upon All we had to configure were the following five entries in $SPARK_HOME/conf/spark-defaultsconf: Now we were ready to partition and push the data to S3 in a single instruction: Performance of the above statement is surprisingly fast (in part due to Parquet files being much smaller than their CSV equivalents) Loading a days worth of records (~500000 rows) completes in less than one minuteWe use SaveModeAppend to make it possible to load additional days without deleting existing dataNote: The s3a URL prefix has desirable performance and capacity implications for large file operations such as ParquetFrom here sky is the limit You can spin an EMR cluster and query S3 directly with an arbitrary number of cluster nodes Alternatively you can also launch a Sagemaker notebook and point it to EMR Spark following similar steps to those outlined in my previous article And as of the time of writing Boto3 the AWS SDK for Python now makes it possible to issue basic SQL queries against Parquet files in S3Future articles will describe how 1200aero is using these data to predict potentially hazardous situations for general aviation aircraft
FBbr4ipgZWYUJmvhk8iDX2,
fwSKxXMWiBEE6gpLEnfupV,
XtYdtvd9J6rFMH7SwZ3Gcj,
JvT3qFqkpb679mvs3rxJ5g,
PGmabj7aMotHnmG7uhSWkZ,
a2oTgWdBnm2rgBFDzcyqaj,
FuiFWWhFxJRUjFYSgbcysr,
AAyU6T8xHJDZbcPfVAUSPm,
QwzUYUiFmavv65Zznd2PH6,
StT8MFDpgEnu93qHCPZ5VN,
72YPLfL6Cr372cQMPvWjuT,
JMsyTVkebU9JQcJnnZFRkX,
Gb3CzFTB7aHcfBj63xbH7h,
Uu73AKYNsQyiesMgvCHNMB,
HJbeYpFGiMNomckEPhfrff,
kyY5Y5tE242syE7uQtoJ8o,
hNSHpihJgbyt94DLXBmVXu,
ZYFS95PjHEaWWQtDQJytFc,
697M6LtcoaFYEUuwCwR6JG,
ZhDuuUhL7fr56EZiHLX9vP,
dFPhRMDLmmH2NbXTYKoVk2,
h7tFUTHxHUofccfSE8j7ft,
UMm5qJzfPM3fckoqKUQcvW,
9FeWyUeHUEN6UpN99LURWg,
jypWGaXj8fRtq3yaSyCeyy,
PEowLvvhcEjv2ozWC8eVtk,
EYZhARnkC5XAVsK7GnrXnw,
dywJ7CrMoRWabog28T6orP,
BMAkUKq3SVH3rrLMAPGDhX,
YNTevzooRYZQUXYAGSyqow,
L3Ngu73wVGXb63HatE6ppR,
VucmGS2c3MfzzQAq2XTrPB,
dH2nixNWRwyucywzJpdEjn,
fc6yo7ZLgP7Eg4nofMoGna,
KNh7ZyXkGCP7dp9SR8g6zw,
ectUH4UcYseuEGnRXQNKCf,
E55BBtsiSVJEpUU4YQqYyu,
95zgt5FsTyAuMvctmeJNsd,
DYBBfM9yz8fnEEuWrP68hU,
QQHgCSZLnGs358X2URRxrq,
LpVpYVDZZmNetSzB943Vkp,
FvwtoXif6zUS4nvyqcjE8G,
ESPpiepSbzARNQ8zxedwf4,
Tjnr2HpwSdKWGsEV6NbkXN,
aSAXMeQbP4eHGUWMURFrJa,
meCWn8BYuK7e2xaEsQsp4R,
acASi7sqx2EibJRgGgZrc4,
PGBQKyUsU5TLB6wAibzoZe,
kD5M89jsX4PDwRjrkeaJPJ,
6TYi9yygPwCdTzEeEeQYyQ,
MF3QtiDUXFXAuJgyd8jzjf,
SCJU94bsMprcuejbTcQpri,
57ioHRcp34afgpuKwJHKjr,
gnwYicetVRb9EMxv24tjFK,
VWuiVkGr6EVhtsZiiLX9mD,
UicCj7WQqJg2idq5K68oWQ,
E3SQLjSkcQ2J6b9iBoKaPh,
ERkRdAFxocZ3cQ2cSBth55,
oFZGAmAzGRaPFAULJoeEq2,
H2DQHdHDwnNgY6gSCKTpEC,
4TFYV8URZotAyyKLSfPMi8,
hgiFW8dWcbAS8ijv53aitp,
YdxDVfMLzcqVZv96LxMCKs,
5WFMZjMAKzWaZEWyLzPDdL,
2qdxKMVB79AiQnANf4eVhr,
mph3xY82XXAicBFWT5Drc3,
LyvNPs43fEetuEm583WYnc,
MPciq8QuqcboGRqFKF7gLE,
8UbDzHwv6mxqXsBuhS7bMw,
nudEZFoXpegH34dsn5hXim,
SwrGWMMGRZjtLF3KWhPvmt,
QRNN2z2HZhsqdmFNTsFEXg,
Umd5ypMyzt3QcnKJ3rVMGz,
YGEAibVKjxsY25iyq8Fpkb,
k62H7ECMpFg3GdybFaWosA,
CTouuNi3daUUcSLbiMLqxm,
a42innx4daTNzDUdT26Wwp,
WVznyr3KybSW852Q4d2iFm,
aX5JJ3B6sJ2qMPesnWMxQJ,
Vp64kNgnJwK7WSJpBVdKSC,
ms5xUSgL68U9PJgUGVtVT8,
o6NZCiHHfTqd8iMVuHetBM,
m3rmdqcCa72kZkfqaYwie3,
YRmrCL6eBrnYXLrH6ByQMC,
jUaj6r3gkGheUDCVrnTSbL,
Z2TPrDfVQen25arF4WZDPx,
dZAt9aHciQBzrgjuNm9giU,
fx74Gzo6pArptCxgEYDPoG,
G6CmKdfDBCNPpWnWPF2Y99,
KsEoBWSfVfRSmXbLTPobmZ,
EaWpL5WcMVRSfgnDGZkoqX,
ihyZiDe5ssfXkN3m6iwREu,
WNqJBZTj6RLdaNeUTrdF5a,
k5sVUPeyM6co326QyGgcTP,
SqMewLdUW6Lor2H6WoPxnb,
LcxGxvnadyaC5rEH7V3nQU,
XMf7bGEaes9LBUbyE4EmeV,
aPnvy9W7BhQyGdeQG4YVRK,
MzbCQnvyiNfjD7F2QCssrt,
7dLgzyuHtPBQZdisnitBeT,
5EoMSS6WuCcf96FYX5LeiZ,
dJGkKZDhA85bDwQBFehaXm,
7JhPW65iy5wwoZMjaeuFoB,
RNkbqfiAnZcUYgC5skuU9v,
FoGGiGkwuoPqR4pdoYcNN2,
jsgSygPT8BnagP9R58MpaS,
FwZ64i3Qwf8cGgpt5uwZom,
DAfbMawv6qVdoQL2MtCHcn,
bfmv44eLk42y72EA4jrdB3,
YyXQik2b3eVXUuLwHWxgNn,
kgGBQZgrbABw28pBNdHan2,
fahn6JHdhnBazrxfMdqn8b,
mbpJQcMYff5mKkLvgcY92m,
VyJcGMEb5hJ2KkdRSsiFJQ,
aiE7e5Lxp4vxSsHsGpcAMa,
DUfpk6tvmswf3YRa2RaNM5,
a6xLqTVt7ooUu4fp4bVkDT,
5bQ7Go4TuEJsWuL65Q6CT8,
9GY7fJ3caEkq3uDCifuiTv,
NKhHpF4JZEzWDvPpi4mfby,
3U5fxSkZDGKfG7BXMo9ZX4,
hZHcXzdJ6QnBPNSFHAbUVx,
ga9AJVqgCpiUHP3xkziwK3,
QaK4y58pY2FtR8cgFARgWN,
XcWDPwJRXZD9DTWVn933Hd,
9XzjgsSkAjvnhmpuCdnSbk,
ZVvudacB9qoVYadhpK79ji,
H8QwiysYpmzf7nv6s2QQxi,
XPcnuY3djLxRnMZ4RfCEgE,
FvHF2riSeiNevqS57RTvQR,
fcdcYTxyTzCaqJqS7qNf6q,
CBigS75zDfZ4ASAtxry87A,
3U2ZhBvP6fcehwgdnusJBj,
C4YYvo9wBmHxxc7gMS3dS2,
eEwDPrqWKyhSHvqYBrER9h,
MLHfrT9R2FZxk87wowGyj3,
ZLAHH3XA4EnCHDmEpVdqgF,
4xsJTTEVsFEnoZoSVvy26D,
CnttYBMQeQNpgKBosCQhGu,
cD3dgVmTPCo3tXADeH5Xha,
bfNVSC33NQdFQVkCmkH5XV,
bi5sudu3DpaBFffxumrqoD,
ZRRhBGdWfmWRVYm43NRAQC,
brPQX47YZipSwUeenHdnAE,
4mUx3XMUUofcj4d7HZSDAD,
Pcaen5m4qDbugpRXNw6eE6,
Ljo769TyY99xpvpcurK6WB,
KUgqP4EPWE2AFyBvF5t27q,
Pc74ARxyrugse2drUfqDjd,
SC3yUEQyU3DgRJsaw32Wwo,
9rCU8aSpbEYREexiAq8Hb7,
iuFVKPsFu5k8iBDr87nByG,
EYToJuGtuBarxnuNWxgB52,
UTvW48SF8gcnYwYecE7ME8,
h77xz6GSDrf8NbRLNixLcB,
FepKRNtTgWLsDNKKWLfnxA,
BThGQELf6oxfaHT7SHxWR4,
ULxWC5XCqVnUhGE2PCbAsP,
inAZqopwJa6JwbYJzdxaMT,
hcyxGrcxzDrXrNnTmD4n6f,
f4ttxcByaFYPxetrLm4xxY,
mDUV9GgjcaThPNXtSmfdWh,
NZjjGkMQe2K4ybLFkfRZwM,
3NNmDPDJwZkWRw2Pm597EJ,
oDWXNN8Z5vjpfdWDaJ9c2T,
WMLRJkeLV79Hj58sTcak7C,
V3nM9J2miE29N44PAEXbEn,
LZwDiSwvuANfj56ya65hiF,
9A7ggvy5UCYdS5XVJGtJcB,
QLz8MFNAxSzrYGiP8Xsm3n,
eMZm7yv3j4X4eknsCFAy2C,
K5fkKfHC6gDSj6uj2vSv8x,
WqrMSkVk4F8UdUzj2VxwDe,
ao9wp8cyb22hEUSq5z7nsK,
SPBiVgTWojZLjrYPPE94sh,
VuHxgNDgFmdufW7UUBpb7Q,
k7sBQbnrz4no4GcB66n9bG,
Ft5fFtq5Rde2TSLQ3qqBKF,
ZkMwY5rMPsNvpBHmv2Qnkb,
8v8SWbNgoh4G53Lr42AtYz,
gGSnQjSprdUDbMDAkJSEGp,
hUMYYsNGiEE58tXQ3y5GR7,
Xx4f79ExhA7fV6GqC8ejGp,
82wbSQUuG28aXtWkKEMtLn,
dBjkq6SgCJDFtpfygUtGE9,
bxeGuo8m5AAihHrrD32Zw5,
Bnx7zENuRbmCeYD7cL7hB8,
iqM8orjvCoJNavh9kCfgyK,
bhixiVA4RABVhskdsYkSmV,
UghE8am7z4Gw9S23mqqZu2,
AfrKi8fBWPttioRdKc5yHi,
HSsv25JAxAxfrHy7PayEn5,
gQ9DnARaQFogDtsQwyL5Dm,
CYNeuyw423WR8y6pLGVbB6,
6ki3oGYv5vjfFXoGeWVXKN,
nyqV5kz7hzCTAkPdqSnrJA,
F3fPXhL6bcKtQtoxcKz22G,
av72RgAmUc3Vqi2mm3WN8Y,
faz2TkUUwTxdW9EZ8yWnBW,
LyLTxozaemcZkXtK2g26u6,
nqGTHQJASC3ZiHPye2DhWT,
8Up2kqtEjEivMRMVcbHvr4,
6jK7bzNQaf7hvuPBxbRaDG,
jSAA7a3nyBEvfbeU7FBhom,
D3zWd2n93wiRw2LUDnobDR,
Jw9NnNWQVY3MsHMHCasR3H,
3h4ppZCrFJAWQVDvmZpe4g,
HKfwarYGUBxbyiydyxfAvE,
4m4pqkyrU9YNm2QbcdcUo3,
Krk8ug6C6y8TeFcGSpjHr6,
9meHj2xttq6fFRSzdToN84,
WprS2do7jna9T3SZKybGPA,
UVY85c26PT223vQsmedMhm,
ZkAGq6FKbFb8br6pAKyqWY,
HhxphweB3v4iBDhyYpixeg,
MPDkjPXuHvznnVD7qAfEqS,
eAaskwMnA6cQBSadDBa3Et,
X6jQaEX2GupUuwooZpGTEM,
QFY2Mg5VaPcnPxrKBzcVHo,
3CjMXgqAGWimKnSHzAkGKP,
2spqLmqoWCUEhyCMhB3Jwz,
WhNyEoncMKwZoFHgjBawtD,
mEbaxCMzwiKbyNV56MJgeJ,
GP8oSSghAko6c8WAqQ7yXL,
e2a3vNEeKwwjjsYxd6sCa5,
8KQN9tcjbUdHKpso6bcVSp,
S2qxnJj3Tx8t2r5mgBXtMX,
UXbULbud3jCSjLqPbiu4ii,
S9BU385irKiYoYTzGAgwQu,
c2JULLhySvDqynfJJHBpSJ,
ZekRdFWfGmwfYEYgNS6vRD,
ZKUjHhpNEEHNh5fJSk2Boi,
8DLb2Z5KRRPD5ZUoXzetjs,
izafDbsFTVS2YRLcE9cQak,
oX8ziEQVkNNAoJYsjStnyy,
Eg5DzSVi9XZ3WBEvfSuXca,
XJy4ZB8FCn4nVqspsQtcQK,
ci9ZvTrJyqJAVptZBs3u3Z,
bXgiX2TT4CDb8ZwWpLF2f9,
N7uhJBAJjWomruLVQsq6M5,
JedNXcBLt74BNMhcFdenTm,
TNMviYAJAVJCyH2qys6aTq,
CbSFpKC7wNujGx8x4TipZQ,
4MF8KX9XgRvKSQQbEkEChi,
ZbbthhwZYd79ffDts2gHSy,
EncVm8QAskRGdvACeZtKXb,
AwHUmzBr8YmhzfzFa4L97N,
HQ8GufzdPVmWPUCGg7ahTQ,
ZcrYoReuzFP7K8EzvvGjQg,
BxytgRWm5e64ExFUN6D5Qu,
8yWqPhQhqSf2YcUnVKLiGn,
Mgcdgr9G6BZqpt4MuDoWxT,
6CgsWPH9FYTbXHJfEEYai7,
8juVLYFi2BQmu6vCfNjrDt,
4887MLGn2r3kTxQCRXxPi5,
DUUiJecoaC5C7LNJxw5VZR,
EevSpfGgEfNxttcKPtvQzY,
neR25yDoVLxe5zu6rSa8Sr,
mq8DwPAwGU52jfJv5DKBNm,
T7HHfitPqwrb2SgrZQoLLD,
hHJrrmDzg2VBrnRN49SE9w,
86k6FEnG3aWkDJRtvra7RL,
TebKtdhN4SFok93JKnJ5Kg,
9MqwgbTN7BdSiLE79RyuJ9,
UvdXXkf3aSGm8rqMjsMSmh,
WCmMgmyH3siXo4MSyiaGuW,
Atfr4sgbDhCm4uFsEmEeFV,
QEMaXFiTip2pxvt3bmAhGX,
fwyhT6aB95UbLV6qgQL3TV,
nus5LRFygbTFXMme92fJXD,
kwPyTzwt8xk2X3TBeTU3ST,
czdF8XZFBRZiAJKVAqM5bh,
ca7XcrLFFTLBtpq68sE9r4,
DamodK4Q4yp7S5ePZuzkF4,
aqQfe2JAzzyeYrj584yayU,
X7wKXibjz2QcH8xnB8nNEP,
aoVCbnyWdruzUzcSPGc83S,
2wtAqBQR4AkSvGkD6fzsm8,
X6Bm7zf4dbyNh97AVq76sV,
XnPDSy8XYCTUPfpnP93yom,
6HvNbcnU2xHbbJWVTvBtvm,
6XDcBWdd6MsPsu7Rda3GoS,
dDGK47HhCDJn32RNzubWLb,
6v7zWpWKGhmDikX69y7Xjb,
XrCb6fExwLnYfYKWVft4S4,
ad282qLbFdZ9sdPNzbR9fm,
JXfp6wyqWYvxkUXrJi8mm3,
SmefUeEbD8YUUMjCYEREgM,
D7oPSfh9ctX95HCxXHux7n,
njo7vwBYqCS9Aa9rtaTxnJ,
VamCKpFSnu3sG3kejHEV8D,
4i4Z5NDcQ3Yf5jmwAjiMYV,
ETVoqQGtbjgx3doiXVAtvm,
D2UU7euBTQmc42zbUwgX8J,
mvXRndJTvDzEqfJf54e4Rp,
nk89xFUWiuUMFVjw24VjUp,
4AEKRErv2FYcUmzCBWx2tv,
9sKic8M8vshJv3M7d4CFLQ,
cxrpbgRNabvQpv3QSh5qfa,
fG8h7jFWFJGkpz48s5Qjyg,
Zp3rqwcE8H9eTVpq8XJsnN,
LfhUxN7k5T2YSu9mTJeT2S,
VnfJ3e9k6Vi6DB2Dx3TCGk,
QycZx85vHNJZPv5Kt9mX3y,
56bFeFaxwB7DXERzszNxXd,
3hfhfjJqQPWJtbPWKHH8gN,
MNNgjsL9madebPGNa5xe48,
AVHUwZ7jUmTatnmWuEp6xU,
L7UxnNM9d5RHwXRYLveaRy,
2BjdK85ECZ4fFJCKRYhMDY,
CTFwJg6jVX4JCbZt6uNhxQ,
PPqHJBbdfKZMUHSFXjnC8g,
h8d5rwCrNRbJtJdZ67QncK,
YZZpZz793qM6ChQMTzd6Dj,
d3EJgAje76GbKV88PQ7kW5,
LWGuXfqATgvjpNzWS55QEK,
S9xJAk5VWDVpzUWbxbfX3c,
KKwnfqatPJiHMWAzkTy7nL,
b3J52kkBAMeiHPLSouhyRo,
2VCyDfdVjVcqkMkZTF6UQA,
536fBf2joAatjQWSk6PRGs,
RkpEEKW6h3nRQtW7dkYygC,
ngHfm8HG7zwAb82NnMF4kt,
dKTzVBcczboByQN9gmpWwA,
LoXe5jX4BMK5apCGTjhWVB,
DJTGAPXTGSDSuJgpNd33Xk,
VXRsxBuwmXqPjNuqpzCHiT,
eBRRzKaSowY3owpaAvENx9,
ExFohDYR7hCTmX6wSYxgd5,
meWqkHgQCzuJyDumbKdHsp,
6u5EsgFwAdpcZirCC5Sonq,
FuW4S5ZfVtvQej9hkJd5oZ,
Fmeczkh2Bx3ukDb47PcK9M,
QDtq8ZSA8z3GNyWuXGyL3B,
G3fiZz8bfFboc8HakoEV9k,
F2TgxtTBCwTKn7hVcZaH2C,
eeqjDxoqwXrLXPd7AsGhgn,
C4hpgYE6ZysTpFupfDJ73x,
BE58Ni6D4KKPgCLuB5zytH,
k2LFmFkfRPWXvxgGoMXiJC,
oKexwiJUGQXEuwJPyB5XoW,
i78VkwZUBAbHAWwg8EJxD6,
5pUrcg8rV6v6nbuRJCmhwP,
XAUSFqkJDr8FgRbc9t3icC,
BB4PS3PiNzmrG2LyXKrAPL,
3Z5f9UYPwe6xQ6NUBmu4FP,
n9cV9gzsbYvyxVtBK46LXr,
7cniWzMSMuqg8WENVDFLER,
ao4458RegsaQ6rGohemHfb,
bAK7vTV3pfMYgiifYkgEw2,
gGrYyWJQUe2JJjqXZYR5Zs,
8koriFvQdgVuAGP2dVBd4a,
9RUNpBa7g7JbYB9brSZYy5,
KkFYd3fadKmZhzNFi64xGv,
ARcovhu22BEvFHwzXdiLKB,
AavvQ2BBNwgbNkqWL3yqSn,
E5H6HQwb73RRTivYTskq4S,
2pUp6mgJNpz3BEMPh3VpeV,
7moFCNDwMFPuEbFAHE9ieS,
iyzGLAtzwrZW4KADPecZ2o,
6xxeiK2ACvcHkDUzyeC8Dx,
NPQiEwQF2GfG4oEugc7NQT,
Ti8VePW5dR7eXByV3mszZA,
B5E8EdhqjDqFDvNHDzMPMG,
aUtSWmS4CDnnhuyWSLhMRE,
NasMBWiXQvSuvo4GFLJ7iK,
Mwv6mvDwwiqj9jwVkZz8nr,
Jj3BeURPT4FsNFyMH2Fpkz,
GAHydvPuuqacUcN5BuDn4B,
nPgRqjng6UJbmep9nnmK3S,
RkkoyKZDGTJscYvnfMFVaJ,
UcnDv7v4TAnZfEytYLjvXE,
GkB64QS5nWxNaFrLKXBoDg,
W2NHVsNff52hJf3CbRJ7m7,
f5szU3koT9hmvvSWZKVqSV,
75vDxB5NvL9rF25a7CeN3X,
SxAJf4Ucen5JAK6Mmc5p5j,
iefiKqoA4c8xxKVTMLBYx7,
4eFP4xMgYD5X3McebxXue4,
LB9XJ7vajmgmzzdfpKzRxE,
UEVMRTLwUXyE6nj4PVTUEw,
6i5bjUuRAJGvC6nJBNszFB,
GYFPmNEa8PKrg9iwCod6EW,
SizZ7VjwvKdhn9qLRvHgPX,
M7k2sBLHHLeRJDVLeWPZtU,
EQXm5kEPryz7MVVdWjMoVS,
8FJwaqxSP7byiyPBXeJTuc,
azZ9D4yF7RLCTfLCrEeJC4,
aNufG2xwwrWWFjuCqMbQdr,
NVstntXmH8TZ9VxKTDMtNA,
jxf9hSwswPGUN3h8USE88k,
UtCRGArNnHmXwsNvmjqzY4,
FRVRcJCF4M9cA6uueFzizU,
Mru7PSRVuBiejQLViUyi3b,
LUg7nkyax6EVkrSGrebW9a,
irXgiwv6RJLLfCogucwrma,
HuMjZpbEumBYkP5EyPwmmo,
ZW8dTM6kiWRS4m268YnQKQ,
msKBUUL44Ekg5mqs8B3tS6,
ApE76vXREErEvghwQXNNCw,
BbriHa8FnKuSiBTC7o9SMK,
HF4b2rbxpDZM5nCW2rmh3x,
7TAUEvJuWaLCvGwnhuLE83,
oKj8H6SaVp8PrrYmV5T2yS,
DG9Nip63dWCouxbHDnHmjc,
ahsdbWWFmucWDAXUmZhTA2,
7D5SHc6ipidBFXyQ95uZmJ,
SRRJTYA9BGSgxPYzAtiCE5,
EzM6Uafq2H9YHyjDaEoShk,
bjo3VQe4ZETs2nr8skDy92,
2f5kc8y7Ea24cX28tPkMsV,
CDDWe8wSHpdG8N5UNgjoRv,
Rb6cZMynDnGX8gv2cT3XQe,
TUHgAPsLWprfwGiJyBFf6A,
XYdKYxhF7D4T34BScMdteN,
YNGF2NMCv9pRDJr2MDiUhu,
XRtDgpCLjJodAqjMBwVhoX,
8kenH6XMM4QJzjM3TZu3kJ,
A25aBat83g4wMVAHcTQdME,
ABBaPLkehZZRsEe7DuMatZ,
ShQYjv5vqZnVjodVPZMPj6,
Sn9cAvP2GG39gjTEmaZ8AC,
QSLnx73HL6C3MY3N5HS2oG,
UvLsiyytHdcdnT78TNhpx7,
37sueNaKoqPzNbtiQT5d9A,
5LtHpY8RqnDCyUSVju6LDg,
VRCMFjjmykzMvSXxDr3xEE,
RJeGtoRhAcqBXCsLdFFugQ,
WHSWzVTLAo5ELywSBBDAAp,
hgVe7aXHtHR8JgtdtdHaz3,
iM7sLrjPS8agVq8MNxh2rE,
8Qj7jBCta2wXwWfo9d3h9W,
5GwSnw2hQfNnxHrKbA92NL,
V2rqPmNmGxkjAtmMsXR8kN,
AKjKh7gX5t27pJi3gqAr8x,
eWaU3swBgu5HsddSjiR3fv,
D5TqkPVJQnE4ksTv8uYy8u,
YLAnQ3WbdmAwppcfnoNGTE,
5Kq4npkLcFUKg7tz2jCvi3,
MHZ3xcwkJpBWhsJMZXxo8r,
muAbQhhCDFgbrAytKAMUmY,
SrvMaukXgtbPkodBXP3X95,
duXoPtMB3EVnnR7C63Ziqj,
njfHAAJDZuDcdZe2LYYwGv,
6VQZCPrZjHfxMj44noij4B,
WFvn2aAyiojV6sH7wwzpvL,
7yQxP5aUgio2nBptUhSKvB,
jhGRPpeHeoHFcUqQuieuyK,
R2QNgFAi3wpCvUysDJNqjj,
SSzRCGsW6YWmGbWojxXz74,
C2Ap25ZWJGeWUsenTH7tci,
SBsDCXMWD7u6wz3sWgfzkb,
3vt9DcdZNzCVAAnBRwJGAF,
Q8NWrxpWfESfYLTs7tanAp,
VyffiZo8aPsHRXThWbhh5i,
f3CvPTfwPxs5aqUrVky48B,
jCFwDGVnuNgYoGhqHdqHbS,
fVY3oXsjH7LBxds23L5WpH,
PGUuUzvVt9HjCxd8cmgxrU,
SpcDLEHPvezDsexfcVSCu7,
2Kipps7yBk3BFvu747UmDr,
7osDKcP5nNERj5R2sDxkQg,
7HaZVHLBqytefhYwZwEuH8,
Utf3hX27oGkUqEkgZFFNfv,
VQHxtsb9UysUZgVznDf4MJ,
F7ZhxcEmHYmt3jUjCRENNy,
4oYtTV4xaKVLBTMUkcJpJo,
hhy7cmMKb6PcjKJSpKgzEh,
WPZw6QH9GRPrWngVHbaYbZ,
BLtj24jxBj293qBodyq6K6,
VVyCgkC3RUyUfAph3VwwaX,
RKZwjTfQ7poP8wF3Aoo5VN,
3BGZPsKicPxfFT2RpEGdy7,
DwssT9NEgDd2f7zuKGBciF,
2YXfMoCnZP5xfUhSecqEjJ,
P4LLp4EYBQueJTghdGE8km,
YCWM35krFnGJ3zgVwYk8mE,
8tf5dkUxmrsnhU8YmiYSg4,
ev2ingYagYAxmCdd8p5jS4,
iQYVaMHvDPCeLHSMpKJvyk,
NuB4Jm485S4d5Dcfmzcus4,
iNBZXMpbRDsjy6mCunACvg,
aFdvN7RwA5Xe83QxLTQL48,
7E2KSMi8DBDakX5KcXFbdd,
PYWbwxH2iuU9knV57dqXEr,
9tZkXyDn9fynsYvJf7MQtj,
XRqMnYCqyCSUr9PyntCFFi,
BniENnTDA6XYgHFHm9mo2v,
RWi5thhuYvX2ccNESDbRSS,
7AvgLLrp6oF3VeyY3bKJqJ,
Z4ZfzfZkSoyZ9qBVxfmkc7,
4qL4vFcpJDrnuRrhphzRdn,
BDKeNsc2EwXJwhASXmPbeX,
9qdhapAN8YZDXjxqTMyPqp,
ka55UA9wURx3iXyMMcyuBA,
bd39FbNyxpBN6VxD8AsW5b,
Jz6Rq7tFFN7QWEfLYpNofd,
HSSJUtXe3iYnPrnmyJ8YtN,
YCVTaeXTBSTg7FLcGS3mAB,
FL6gkXKgmLuouyYV7fSmfb,
9EdXYHp3JiiRFh9vZ84GcD,
BDqrwKH9rLG5f2mnM3ukSc,
BJ4MriJRANBmKGWabacmmf,
SQ7rQYYxuMRmoKTtPzVZEj,
k2hWa4dQdkAk4QqwJCwzmt,
92teJGtJTh4ft8Es4Hbnrm,
eQvFG7rRzi93QFi5uWRQsU,
8Ni2ki39c2SQE4avPYeoTR,
RuD9axDR2W97qygM8BN9cx,
A23iLA6cgm8c5tKdgqkiDT,
fdJGBUigyLtqHCLBVPEcfZ,
LmVM9sCWCxQGiBPHc66MrD,
3CLJ2vWCTsxwD5v3BarMNY,
gNkpsJgDfCuMFh2F72Nf3G,
Aum7pGVnXELyyFXHvo8vyL,
3HaVZkBLFYzeh7kFUUhue9,
Wh6jLXRccSdxF76cbKDJxY,
iSSJc5DD3dvmfVAEJjQApV,
dQTcSDfZzTCBgkMjBWjezj,
oBYpxiLr2VRENyzorAjRDF,
JEwfCFHZTttvfHiBojcydc,
dXjYvwSQUpN49eY5KMWic9,
DncdggNRbfjnU6RcdQNTyb,
i6yUg8h8qyLkiRoT2LsSzz,
ZpaCyhcKigqr3ACpJBQSfW,
aHZhKSFYSrpdbssY3frLyc,
HmWMYgen7wLKbDAMgWFYxz,
NCwDcXSEtWTEP8aksudffk,
NUbesggYbvLfWGCEoJ5XK5,
5RkfxeUHec6WH8WrxUiVdB,
ZNSMkk4HCR3sjHKvUj4Mqr,
dqzYq43iiCUN3z6jWMzLzJ,
dPofLRbxeXQMG3XqSZjqqb,
Kfzvu83zfcLQ5cDGsNwHMt,
9FfBS5XHm35QugHrUcwXSG,
hdqx54PFzFsrRAtynmntGe,
9yuHypwgrFu6mXxA3TWUFx,
CgPNTS5KGqjbCPshHjPZCK,
GF7YxsPoRvaW3Lr9BLXRPB,
RRReZFD6rfosWf7VLveUDv,
HdXNkqfET4wNURBMzy6fAw,
8M24LDtXcAsyB3dfofnfYp,
9EHG5GqPET5YsbjAkDViQR,
VovQdTzc8bw57RXh8aNU7V,
c24f6RAvegJmqeJdWnwNMJ,
DssmdEs7FoFJ3P6qXYot7L,
F5CZ9B8qkq6zX4D8g7XtAM,
P35UDs9RjhN8ZzpAWEihuU,
fGypyJjRqzE5snCZSPMF5U,
e4W9xBb23LV2RE3NNav8G6,
Q8ntXSaYdtabSSBKx8L9NM,
9PV7MmFCgBQD7sDrfvDmxe,
AW7WuGGN8QavJ3CFefjzCS,
hnVrjXyt34RZLmyNZzpNVh,
g37hPEMJQNdzPpdcEgFyX7,
YPBa38FheV2mSFrz9NpisA,
VYtdfkF4ouMmfyDsfNkaof,
fwo3VsPWzCiaegMAx4iCWB,
PSN8sMBqpVFPHqM6pzRkdj,
RtYixbNVU7NymhXf3TVSre,
fad684HyuwJaJX2txCvdKf,
mC47SwbaRSiUL9Y3as7MPS,
eXUUYd8cw5m6yzp3PV8vHU,
bJrgwNvDFTnwTNHt6k77Qa,
NgCJkMiGiZSdyrz5QSyhp5,
BgtJiciXNgSciHEdzwDNRp,
YXPbBGcwfFe8U3HJM3BPgv,
jtL6deZRwHxexSvF7b6gD5,
dmFYv7TAGjSAVc6bwbbAqa,
iGFihSbSES2kBkcE2EMPhQ,
NwqCZ3iVvExmcv7mBc55bb,
SBpnVytLFmjxpbaQTVuY2H,
hKJ7imuodK5mrrjCKe7eDS,
HMrGf8D7fieVyVJUsK36GW,
QYDmz9ySiN2pZfSdPrwwPn,
oMhMXUbT4PkrvkQiCpe2hZ,
MCsCPQvdYJ7fLXW8NzvGhB,
gjQY6G9kHeXecokHjefH3v,
eZbtmFfYjbuugSHbnR6Nng,
RYq3gEgfVcW9sehcB9MDjR,
eRrPUKRBN2iNFu9YJBe6Rf,
g2ZFRatWME8nBwEdXp7VWf,
CvWyE9nYd9d5zFifJMd7f3,
ZrLXHggNz9oLy8La9MbKxu,
8VYfbBKG3HvoCZxWpdskH3,
L3JEyCKtyyeCD6uzaYMmr9,
JnNTSyXa8NLEbak2rkhSVj,
PyyWR6xtmp6ESfJxWNQREH,
dgnhSdibDW5gPHB4jHYBvu,
HbDMhZKjYEDUBJg7Weufvy,
DsoEqQgUTTHHNfTWJLCXYz,
nVJSpkgkdkKGAkWFDvvFeR,
fGRDmyUjuSdCNZgtD6VgDW,
cYFGPKQqrcBHw59UMv7LYv,
VqEwaQ7jyFPqtReiBnHdh8,
i9ZHpzP2YKxcWPwqYHo3GF,
NR3x5B9nm9wVRGrWVFmUTu,
FECpJCRWLEwejoU6xdEuWk,
VkGt23NdFNKdCPXvZJjZiQ,
QYg9piKd6AzLPLMGDNyhcf,
MCtBgaaxpHmpQyZ5s4Ttda,
LxrEAtpfW8KnCTcW4MVHPc,
8sDbYbHukMTfnM7LRw3tou,
YiRXQoaj4rVBYU7pFeyyUv,
BDsJsYY6edVN2Wg9KGiM5b,
oSdSKFh7SjhBT6JgWeHcnn,
n2YCgvodRk535WMs7j4nzg,
iusaEzqhqpqPwi5VemhJsL,
P73NXBMJVVTRHMH9Zn4b3f,
RiiYhHyAs35k3gGjvXUX7N,
bWs4WutciKo7reUeRJisdN,
GdVHkZorr5rtkvY3zwTNPs,
BNRekacmj4uqHyTZPyJtBY,
DyCgQXQFmwktKiYwYs2tKV,
g6xVuHVAnPhEfnY4RyMafb,
gnfnFZCeWUaFkKRMhAnooN,
D4vWLZZWq32n5CknqSPT8L,
kgfaHuDk9f5asr8Nju649J,
4Z6fJcr9DGPb6mVAzpCQXH,
7SwzFAGSGvTAnmnrYueCrd,
S8YX7GEVByDQdaG9QdBHfM,
DsK9HHWAYxoSE6twgeU7JP,
NKV8YnqdsN227mtnimdR7s,
8a7cxYAgZzbExm2eQYMVes,
DS78aj8sPcHaq7rTGoxQi2,
P2Qo3AFaFywkriUqoSVDEM,
nNFzGkka8zXmutrCAdJzG2,
kfPZWeMYy3ADuCziRJY6V9,
3ySbS3ZYcAwCkUGsEHwrRA,
J4Z5Cxng37PBd5ZWbxCUnk,
iDw7xMeXWEEhUcNVfxnQQY,
5L8ujyqK4w6XJNPV9hYfWz,
KCKJgGNy787CXVRd9fRcC9,
ddpxvpL95AmfoddgsqRnQJ,
QWgUVmTYENUSmrtCwvM45A,
FMaYD5yyDzPivKxtjmxAAw,
RKeLYpHMtLkpXqiHkpL9nu,
Z5ck7Muxj74XQSYPVJWBRt,
Jv5noqvckf3epHG3Z8Zqyu,
chvWDKjaYwS3dmQk7tDmJ5,
4w7nBJqYoBkzijUu4pivur,
6jM5XX7W4T3UsjoJNCCxs8,
KTpedkiWzjhvwMWa3sdYGb,
7XYUUhJGqcnZgftLHzZFHy,
f7qYBK8MdFhzWayPXR89SD,
hvHyr98KQKmgjotAzv4emz,
cFkv5FNZC76kRuXh9bB6Cx,
YPrtVYNQxP8RCJQhfbkoiV,
PE37MfzoR2Mz9Y4iim2Dq2,
K9wtShYJqkrFo59SxtXvtJ,
RvELXXVd6VCBTyhqKxPG3H,
bdgsnbrjepBDFM4sCQaJeu,
Yx8Fn2qXT882JXBeUVGd3K,
QChg9vbHNwhdYWLn2dgBa6,
ghsSNYx8n4xxWv33Ess5xH,
PXjjzx48YD4DyNwjN75egP,
6tJNvSbrY7qK6v9Bizueqt,
3U2dJiKpnoVVTGp6rhPhc7,
7jNENnCSQENY3ERVcdV2hT,
LQHSaD87MpzoFBV6koMdbV,
WAeRUihY7Rm3R8z2aKFQgu,
KsQ9ZJrY2WBGnq3ivacLGr,
K8AD2BY4DQF7kTFnoM6oKF,
DGLy3wbN97MoNVpB6vqWca,
ECcGT76JSM34Mx9U8Qasqh,
4NtBeMgyBRwWrjzjvhm9HR,
A5BWSRa6Sr9iTztetcfywo,
nqrB3RNKbKMpqS7MMfrAaE,
bTojm4iCMk4SrhTGzT6m7t,
HdwRhoV5pn26zDF63TrzT8,
MqDgFJqf5CpCz2iBZPL6Ci,
AegMdaX6ZWaW6c7Lby46Nr,
hC8cQRkhqjVFhnRbAGCSWn,
ceci6awrvVBij4upZEhtgo,
5LcLQBjWKeR4GKceDihhxw,
GU4Ke2grTjd8JUNsCrjhmt,
7LxqNgUba6B3D8xst4crLi,
S9DPurZvbzULVye97QdjWB,
TyjkritWfz7HFqb6KharA5,
JkSgK2VhFy9vdUNszg5Kj4,
7n4v2eMeF9F4s54m5u9Jsv,
PBtVVa5m2wdfHdAPQqZcsk,
RewxJXAw4aVmLN2pk9MbW3,
WdfqRsSk7tRnq6UDe8btxJ,
9ZXuACuXNocUWZcfGeDvvw,
h2yZFStRFusLKme3qmqyd3,
Haa2HyeETD249nDebJcdvZ,
YkYqcm2PuACdNSL5ngHrzp,
KqtrixCHkHumHvR8Esn3rg,
8xGo9yZeCBGE6qhoQbphFa,
AmxRojgvriGAxToqqGMSMF,
Um2cRNgwAGsDEudkttdvhc,
T8pHo9uB2E37xCmAedwRY3,
dDJRyTunC9XxJnopexdEt3,
biQhhdf4u8u7XJhyD7UiUb,
Rp3DTwQnUjCheMJZBLVmab,
H3H5DUbLkBEGoFfsqmd8Jb,
TdTQ7GEY6LfrfuhXQCyVUs,
UMMSebGfXfaCCTiaKUdHgR,
TFTSqJNh4UiRotCKSy4KAR,
VyRs2QvtukCMCXW9V9SLq3,
FWjM6wLaK8pF32NLyhXqZW,
Cxr3BygzoMNoBihUcDSsPi,
Vk6oA2jJsWVcXfCtNkXuCJ,
E4eBLBaJdGJN4jdS5v4d7n,
MFJC2rSqA5z3zMuXnEeQGq,
nq5H8cnyLVgkUsA4mVeciq,
8Y2bQ8aVavtfzhuqyssjBW,
bCtS8JfZT44iy5mayQvmpr,
GQp7ZJeyUsLCtPLCLmqeHV,
KLwA5QsqUtS4Q8ChN4BEdP,
GqMPBmqcQashHXKzQf7U6C,
jykxYAQjcpy5ciZPKwjvpR,
SMn2jhw4i6ibsAGbDcMTYq,
n2XKsyrrrhM8yySUqgcUBi,
G23tits9J34zeaAofUSz2i,
UJ7EST8CnpcBS9DUo432QT,
PpqfwVpE8oyfvytMH5abfQ,
7nBgybpx78MBhdhFSBzjhN,
ShQqKyQ8uNALUEodQrA82x,
A6VzZDQg7asuBQF6yzMZv2,
AGDNDdEwfoGwgiAorocN2z,
JYZmHiicHGHSShjaReQsBB,
ZYmLFEqTPSCK82xoEUD9Ew,
eRWdkU8FtNjbYq2nRAMNjW,
67GtsGuPL7ryQYAKcRJjKK,
AHUjHe6AZPouDW7y2mWTBJ,
CMPbASh8FUzfKR9wzzxaKG,
A7KksHC4PPTUa8oCHseVkQ,
JwKPFeR3ieSrZfV8FuSkP5,
LmdB8Rd3ecEkjnmhsQub5E,
kjCBQqJHLFzG2DXjvxRYKH,
G3LGjYu5iM24hqcYWJQ2MX,
imrxmYE5nbo7MG68DU4EKs,
Rzu2mWBcsz5uKYprQU6JQ5,
LqyWPT5EuuhspyXT2yeSFR,
DKZ8PDtKCBdbQh8J3wHCfE,
5uTeM9CY7etTQ6X3SbQKcr,
JySxwGXFgYPqzkSNmaE7uX,
FvVY6w55WsQEN4WmqW5XdF,
ULSkeAZ2ZbRK2EPvCH23hH,
9zgHcBbobitZnYTVKWsx2h,
mCBqqicRGUMoryVoqAubSN,
45V3PXJDd3JoZm4c3pVNqp,
UiLp3Wb2qAsmKitdspMc9y,
XoQHnsGuvNtXNCmio8awA4,
AamTivLpvBmdsSPSMaZyZL,
movtWssfyCeTdYsW7iMgXu,
SgtjTLZuTDGZd4Aw5mVd4v,
M76WDTQys3HYUTuDwSDrRh,
3wZ5yffzFAq3x5vfkXiCLL,
BA5KaJzvH5xGfM5KoBtwYq,
bw7nQU7wJuRoaSZyiLGPPy,
BppWNDUVNeFQWPKFt5MFh7,
aKN9fuZHU5fHKPhHxPhfZR,
Dt3krnJsDZaVb8T2cbASzr,
SbKqrdj2hXMjTcK5C8CP7i,
B4CrHztZbR2VsKGit5EXqx,
7CifXsb8mTaPrBNpqfaUoP,
GQjqxUyRqSNiw2uApg5PxD,
DHAY3yzMAxLWrCZnwEhKpu,
jsRkkGqxypmX7iXYRcEGj6,
KgFVrWHycLt7VQNkRXsM2W,
ZWX2XcD2Xg4b6BLQAVfSZx,
NTPZpN65K8Ypy9kZ6EpYV2,
WXMDo5hGiEkLsAkvKSzJA3,
HbWPPmoyZw8jjfAddkvRAB,
R5opbQ6wBDqiZqeBfyptv4,
PcENxC87d2igRRh24XmC4k,
DPXQErq2gePRi5SfYDhJwP,
gb3jVWU3oamtHUe5m3wzXk,
Kp8jahV2qebMYEvorAXnNT,
C2PymbpPoUbNaXPwBRtrNS,
UvVYTS3CRzuDphJ7GDjR92,
TxHNPqykWjSGNWZTqXatGP,
8G36Kk23r4qYhGVqRNDB4X,
BpnZbtuj2JPrnS2eDkK5xH,
YppHknGNEwNyj7WYzZiUcs,
iP6gJA5LJipNTBSbejWYZ9,
JpkuiYquwPNAbyZvCu6AAc,
Q8HHx7Z7aRhhS6t6GywKbu,
KirmHU9gFePnmXLPsU769p,
TiomDp3JxaccLcNG4TKFAN,
7eoNsmEZRUNrSTeNAKZ2Wi,
PEWKEQLmiur6LreP9sNCdf,
A9ySJXwf5fkRSg8DU8TV65,
nhMJgznZ2MZRqwns94tEBs,
SiSnoFG5uFA5CHufHdYgQL,
nzt29HZMvxqmU9aYEdsSZY,
Z7fJzJqhDveL2DGMd8NxvH,
TjyDhVnRPsqH3HsMckFRZo,
JxYGzBopXiDD4H4WPmiPN4,
gUgVzs8okzqVYBrs9UwVeF,
naX7futyVLWrmgoW7mSYaD,
GYVgLPfoK2UwnsUaM6YKVa,
Pev5nAaZgG5DWgsNs87ebu,
6Q4rQ3FZCZMeineszpftfW,
Ld2Ut2tpjerjFHfGMVmMNR,
9hWa5CVJcgCXUL2KNHKut9,
KfHxsKWogNtVrQHP2KsA5p,
RsBjF95m5K8acLR5oz9xzC,
QYXsLJXGAuQsdb8GUhbZY9,
BF8fGZEJyMazeBEL7Ss4EQ,
abvCgn5JJDnDKtW9QoowDR,
niuSjF9rLsCWcAQLUMcipz,
DyCF3yd8tVyggzcevbi9tV,
ivW6qhm9JhNm95zqUsiYkp,
5TjjhuaGXShVrHHf5PvDAq,
PZqctjHhtn9sehnTKFfAg5,
7FgAJXeXu8cBVicUfYB2eP,
hhCXVVNb6tnEJYds6MKSYr,
2EdeYf7iQeKuZMLapMRpJt,
SEKQFGtVb4PNwy68BfUkYM,
RKER2BSEfWd4QjDTh2MiFy,
9BbZbnFD4Cum26UzeeksxF,
UtqvnuWPMkXtAbLPFaDjNf,
Y5LyNcK2rUJPGoFAmae4XS,
iD4SyXJhsWERfsg3aBYXxK,
9mEiq2dXCRtGHfzmQLzPaB,
7Qqasw3XQTzyHYnoURDBg5,
XdUoykvspf33StiJHaxVYj,
cW3XgQa3wQEod48yckBxsd,
baDnXPxT4Fo6jKGjBGWyaE,
PHCLAo8CNq4Nm39Z5o9t9N,
jcmCGoZ5eQejHLcraS5yZ8,
dAyiwYNpa8R3zGXtGtcEyg,
Z2pbtXH3ntedJBqZoKjidx,
Vc5Q2pH7cGEwayXULvheYy,
6rpAHiKx5BQSUDwc9NSpz6,
kCpo3p3oMFZxaLTVXzARQp,
C99PdVLv3MhMZy4u8Z5C9G,
LCMQ6kyWiMhBddNQNNcUPS,
H8fnpvkNL89AAjPUbqoPAz,
asUDsG82FsS92wM5edYpJf,
LTiWajkhHBxWLUkaCs29qM,
2GP6BKQvPVAwMkUx4oFd2V,
RrtLPf8GgQ2xF9YPvhKmir,
buU4o6mZ49YxSsYhYybBsN,
jKXrKrFKvohJd2JfxhJ5ym,
DiG738oP7dksCKhX5eEHJp,
mkwwrckSLDt7QEhYdx5m2y,
7zkZw9pegAYTF6wB9WiKLg,
ayQ8hP56Ggm4ywdgtnooEr,
BcUiVdf7JVpWVMsZEthrBE,
apMmEzqZSQR3S8M5RNwugh,
SbTcfPJMfau9Eo5uRjYeZs,
EXrH9qmkdVwkSQFFHjQKCG,
iSopfhAgreLATwZs4SV8LZ,
XrkRtnKcr74CEZRg3zBVkW,
johHnDzs5aSzq92zrnnLxe,
ZSWPZLnX7pZpSWzBMqKhTo,
aCnq5MUpPK9WvcpkHMRgqi,
BSxFk9bDXVw8Av3jpwnWHJ,
7mQ9ukNc8mHTNzgUrbV9Vi,
PMaxtrgPn8bGGgGYo8ETxB,
N4HeovWkz9okNF2nhp78dr,
BqXTis2MaKuVwjvT4dhVhy,
e4ZyiGbaj5Vjr5BRmfAp7g,
X9kbuLcQGkffaPEyfWRVH9,
7eHacKbmGHRv6d4vgighYF,
XZbDPSnFr3AgxgTi4JURBy,
BxTKdqsgc3SxAFMnJffva8,
iv2oBhqFGbsqRWpwnsVsRD,
8FSt7NcMhbipmZaCcqad2o,
7VbkHT6nvXiPWqvHrRwn2v,
NP7smkQc79NY5hgQPeuT2q,
eSyvDghcySuHBeReBaGuZM,
UZwX8FW6fHRLYpKAcdivb8,
AP7Zf6QbNWbq3gxipGtcaQ,
9vmeAWHbCXKUJJYJ8v5Gnn,
48NFTSPX9ev2LrbexFCBEM,
BcZSV7EyHaZU2idu3Bstpf,
PgqS8RkbKLWMHWDWzUgUqj,
G9DCqM6GfszqtojYu3zDED,
GqVEwHZUXeVFqFRmAXcnxF,
XnVx77Crnpf6A6ghhjYtF7,
Xp5vByVEmGMtbHW5wLAaTw,
BWpJ6CWYN6kDUeGWxzFwQ5,
bunrZzUsZi3CMdCmYqfm8J,
FFMNo2SSxCtnyBqJBC38R6,
TEfMd7YaTiW5Cd92FnX7o4,
fLhT8k6g4VBjrQf7cZJmq2,
NmeeykgSV5RkUhXKTWtvik,
nnQUPZ7YL4yM7BGuvHapEH,
T9U9aV9EU2tDukekBFJ5G8,
2VkABG4a7uh9W6hyAuKyUN,
Sth4f45uCcnCipFqnrFbLj,
B7e97jSdqiX9N9k5iijbeA,
jBCwtM4GHPmhrq6Xi4b6ep,
ivmJXc9UfVFHsoR7MCabGz,
Qce8sBY24B9ZxfbEz8eUhh,
26BoFtBoX3aRviVTxN6KZp,
8eMCCqvH9dFYQK9XT98PrV,
UUecnxg24WFhrV7k72kriL,
YZACm9TSugwaaREH8Zm9B5,
ewsuShunrA5k64nmmcpgwd,
mPtjMqBDehYMDKQPwYoYN7,
6rutvMMDEA4w34LiYfEY8k,
3GnkXu4vFks3Cvfm88mePp,
TWzzDqMaRUq5QL57ZHXS9H,
QZwEH3CiHBrrqSe6dygGB7,
8Wr3SWYZSsMH4JFBpa4amt,
EFqJD4bBuP8fYKfHhXD6fj,
d7AC6wTL9jtkQ5YirvwVqS,
DjpiSjb2g6uaw2ytFRiuNZ,
F4wkKvT34USt8znqLejyK7,
AiiTN6Ney8YxzMiy3ReET7,
VFLR428scjSST4XQ5coPYy,
iPHgaKshGBN8QLbMeVMzbe,
YQFJi35rbzd4dryzL9DR7T,
hV2xUFXdxQQFMNMvK2tjYa,
PLEDjacUviXmm4xBUvqpHE,
mm5jHxELJa9yybqhB3jM6K,
SqDzdwhoAJRFHSbagkTojG,
TyXnVd2U4ZGS9bRfhsLgNQ,
MtRuyiAt49VNHpZRQCZWHf,
3Z88YLseaj5bS9TMd3TNnP,
MChpnjDpEFDiP2i6gX7SzS,
hAe5PC6zxi7EXZk4g2DkG4,
Snif6BFT3yDiicyuVgXvYv,
gXj9SF3fXH6Q3UgLiTpMAg,
2QwkVCqspsgBmyNTi2My3R,
FV2D5DRoyvmdjEigUZoQJL,
Eiy5egNA3YKX5n5YvxyuhH,
EiA8xG84SyYN84etgMztMY,
aExAojpBhRjyHMbdcrjTjD,
jWaonXEagsQZT5EhzQiUC3,
g2tc4LNkr95MsjW6AzCZo8,
PGMSwGxa7vKPXqcNfi6yQ9,
h2ocdp8HiNrWY2x5Q9TzCe,
95hhCr2vVHvn4TaUspEaaE,
RHvjppEuiHvBN8oKxLWo5e,
aDUdsqEifccFv8hhHU34DM,
cVpDyzaeqw6qsKujziWZCh,
CLdJxuoYgumq9EB6sTBbbs,
NcYmng3ahJfk53KRz3rG8C,
LfhvLR2JZL2bFSfoUVyAP8,
ciMKTBTt87xvWSqVLKGLGW,
4s8mvJe6Dp75kRJQNevqox,
mjFGJsP5rDsFs8EwTgfYt9,
hsP3NxmMfQT9nUTsKBNkKY,
2xPWPabd87yyQN3wB5hrmD,
8rFfWpX3KryMDnLFwHjXX2,
ArkhQSTCzMh2SuQpXPo4w7,
dGDaWyPGZNdmVHGazcBLFT,
bmRbLsfbSgZZbiP3GPGfLT,
UqJbSrKCLDrChvc6a4KVhf,
NpqCZZEmUKPPtSQcFrFNSQ,
JngeVfunxUkNKx9GQhYMLs,
iMyghsMkBkSj9GFogKV7vt,
79f97MD7sQpE9eCERU9jP7,
SdYNEh2gAN5TqRRZTtbHFR,
GwppqGpv5dW7KfPwUuEYhn,
JDsAR8ZMLj4jWGtJx6AUoG,
DbivcYurae2MSBwwYrBnMD,
VfknN9kkcwp4Qm8ushaZn6,
YxTTrJjtPSLBpvgVTJCFXD,
nAvRLG9FdAaRrmxZibaswH,
adR6ZqEePeEvZqjtdo2JKy,
fJ5wNUbRHPfQNhhVJw5pyC,
UAkqBSDfAPCCu3WksCsSKi,
ThXi93btJSqqi4T6odJmdq,
L4nWyHJXMB93vddDZg78uA,
CQUZpiWbynAGrC4qV6SvHF,
VSR3SXz5C4DcWX2PB497cc,
Hc6VQ2vfut3bbyazwksyjy,
3uUXznMpc6L5jiE7SKycPY,
cKa7C4BLwUgi3apUk4nyZw,
2LcBPRni7nR3FwUbLoDUN7,
ncU8in5a2WAkZWfLpjbzVU,
AETg5jiJpVTpGu7pyD32iL,
2Tf3hUhToG3GvsvPyUzorM,
QoepgodLn4Cy4kL67P4DJC,
NfDkXQzjsQmuqmmr6V9zTT,
6W2AiAxBGwyCyZrdMNQary,
GnwfRYhz6vCyEdwAaPzbfN,
3J6oTpvfWVG2wZcz3jpnmx,
ivPA9aCvSyqEudJ85CekwC,
G8u439F5e6EVNgX7GPADk8,
mcVekh6goVAxtTzewMwFi2,
Pe3CuKHQKSGdj2ftU5uZuo,
5cQKZr6MkEFCyuNV7zuVdB,
a9AUVpAQzvdTbG9Mx3JYU7,
Sz7ZKcdY2vZ5fUEoVZwTfV,
DA3XLQRWttkRBgtPbvWjc4,
YKgjCS2SR4qwATBXi9muPU,
Rm2exAb3ZvNseaZGuquvEt,
HUMfkRBsDY4Jsdgr4aiGwu,
WK2vfRsUfC4tTJYf8mma6o,
AS82yzEsfS2hxWVBtiRDKn,
HBi3GhBGmfSvgpJnGfWKUp,
ezWjdRb6imjAJzbb6NH3aw,
c6Nay6nYFmVSNMGYcA6637,
LKwxq6TuaTTMdqr32xwtwo,
7P27eYkLu9WNDCv3BzJmMM,
dMevYbjFi8bWRLtNK9Ypzv,
9cNkrfPL45KDuPFpjJJKt9,
SQpGKDcV6fnm4RVodQYgkK,
CPY78sJvWExTZ4FkctQuAc,
GFY3s63LQVSXVevbZrwNQH,
VErFH6bWmFceqmezeZXCd7,
HCdmtpGwNBJ2HRrY8hbCEa,
ZcatnsyZuEoLskwkPQgJRK,
doxSK2hRQAgFTvjuznuV2p,
iomyeCi4LkDJNGESGr3NzR,
2Z73RZ4n5jqH8UUtZYMkai,
AmFRabYH6aEw2hS8nrWGtv,
72YYBFD8YQZngfzB85PdGp,
RAYSDj2teo7s2gU9ng5KMT,
UwYXnnYtTmh95F9a4M9vYs,
4p9RLdUhybK8NJeUPJkomN,
KkZ9nCy2B74WnPbUF9zPkJ,
Lf53xb9p3PquCXMgZXKUh6,
aiyqCXPG2RLfCJmp3ZgG7y,
gT9izEJxruZxrd2CbNkZeB,
YSfoLmhyMvf2WjYm7LzrCn,
VybDeTQTuvW7fY7PZ46XnW,
Frf3UmcinQRyhGV6NMWd6i,
aWzX6yAmjikN2yYrmceCXw,
Ls2kqEtDmG785evQFX7oka,
jpB37CUhGi2apKnQYEoUKa,
HC3wXVMzkh3mY6DEcFGxb6,
dqKW8eLMYiKm5apidYwuKa,
dXRaHFwkGim3fc4yKxrfYC,
VpRv8CPLYaoNN54cBSRnEj,
4H6ih85oSxkeGr8xipcNjf,
QrtJARAirjHWvacXpUogsC,
ERtEGVdzonxj5JbP9a3mM8,
hnKjBeMtojjkAMBZFZrgCB,
8XXbEnfTRz2wNihoabzugf,
YqEfmbsKz8V3H7BuFtiocP,
26H2kVDpgU6wkLgXZhKZo7,
GSJ6pCBfqT49CbRYxTyj8J,
EKpKYxYntFEbwhkD9DZEyZ,
2ufgxh96j3ok5TTFVgTxkk,
FL5jyAkfZHbnK26Mv65kK3,
PTbKEysM7GtCh2TAn5NNTv,
aRRs8EVTSxpoVbkDfMNkpq,
ak7pijy2VSS2UQi56YGiiw,
k2dcUK56tUcU7XDYJpfP2R,
cF9MTrB73PdBZ4PM9ZpCzu,
gmobStTcS8gpCYCYQ7uHNe,
BgeZoun6Ekch6Mu7bf9xEm,
ASGfNgqrgRTWkNjnhgZQC5,
nR2ET9fSsEV98KaGacuSQJ,
Cc9e7f5KFhsDTUnAqivHo4,
PZhwNYeWbUFHk3HJNfQph4,
bHakySWpb3xc8ToJPxZwVg,
NCXKzBb3jjqbkuuYKtWLgj,
VYudzhpoq5mYeqxbHSAkTi,
W52VVXmZLAJSVEeFb24DS9,
QdzKmtvLZxyN8YEUsyXZEa,
RqumVpVmvC3VrvhF3pDCF3,
EAsgECzPQHqRW3whzCqJR8,
V5824TicwHRkn5ks2bc9Rb,
V2QKA6wetAcuPXy72dHuuY,
PTh2jJu3TLiSfdJVr7nxsi,
TAHwjmmygWuSGkAbLzGihd,
Kk2Ta67Tay77iPYUoV48hA,
Srjoo7RT87DFLEaxGA6gWo,
o93TtxePbseg9bZ3vWAqJw,
9Hpd8y7M2e3YWAmgBVuuQ5,
Y85epRF7FpR8Lcz2jdXKaJ,
VVY843YzZseokieG7ouYt4,
77dCdCriza9cxpwKR363JU,
B8uvbkJH5f7GNTuJD4qi8A,
QqPn6nTLkabbqghpyhFkFj,
KkQKYcVG2inUKQ5Yykmoxv,
XumDP3JyCjndpYCMHXepUH,
nFogNkFLq2Br3LrmLQxpFr,
HosWxyw7JvDHw7WWJhKNaY,
XsyQu8WtkU5MVSQ5dEcAq3,
JJEbYf3sQ67CuW9UXE2vfL,
cRhYCDXQ285gT3QQy5ayhH,
B5eHYp4bKPpSXTXxsS8tM4,
oPnacw2m65Vg58BEhfxV45,
H7RDHMw22SwqnCpsgBS8Bt,
jPNjiKLsiGGyWzpZh6VNbZ,
Vh2c8J4pSLBehgMrZMFw9G,
RvUbngw53kAFAghbK4Yj3R,
TiES7fjZTtuJLGhWCqHCwP,
fMdNrLGsxbLZGLAjmcUdxT,
6uRh48a4ikzizB7GgLPEaE,
b7sq8CMVnsqEhSjV6GyWwB,
QqGzyuiuridvEuTsEndNa6,
ZfRjsAqVG8bk76SWBtzbqR,
ECnj2SmVJ4LrXJh6yaod2a,
VhUvmVcjTTpuhmebAMaVX5,
HN2DbGxezhP9N5CdQ9qvmX,
MSu8t2kGwKpsiXxSGTZrVh,
WmyBpoWP2T3QcHtAXdpyAb,
D9NDcE67fmrQRmdetXpopK,
SsasV25sjqQYFv2QdZieKP,
gPGA9NoAP49MMHADevr5Zo,
HkSZ97H7kksXTvz337bTDY,
WUQoGt7iv7Mkt336pZtYXj,
V3g4K4dQjZtuBdwyNsAkbX,
7vD75YqHTKR7Sjstq8wwZX,
2Y7H4GkBDrrh422YWvCdoD,
FYsL3GjR7S8ohs3LrAG7a4,
2VTwdW8yfD9R943eJtis7P,
gvSnAZzp4SsHf49yXRRpb5,
dGJvJaQAUos4fQPpKhMfRD,
axSjn4SYL2SjiLCCKYTm4A,
2vXcYgM8TgRE6mdo2r5yyZ,
6grFRybm99nCwCHvHmEx9x,
ibu2QFe7cfmrre594JYeXJ,
4fnJRET6ELqMDSqyf9aAiw,
bW8MeCJhgoVxV4mo7R6MZg,
BRbWmz3hzB36T2vAa866Kn,
o93wxz3r239kbgQshyebCt,
kao4U7dwv8xWT9P2dL6gYb,
YgPWQcrYptXLtBEoZKy8Rq,
6Z8SQ5627AfRRXxzmZkCgV,
Y5WYSHF38NJqWY42aBjkxm,
j6QRmPrZcdMBxbJ9Y7bguT,
f94oFFCzqBxBKTKsfpsMxa,
RZDU94D6XqLZbtt2CXgmvi,
gDB6k6rQGqFngdQYBRefNn,
ZCUTCX7PAUTKdUfG8P6gKp,
5xSHpKUUxVbm9gMYC6UBca,
nucVdVWqvvv5qTaPxC5d4i,
BSexgN35jjGdvH3oNkvidA,
mmPpTFS7dkjsjz5Ak3ZLGZ,
YhLHgQTTBZ2uE3ZwerXHAH,
FDSRSHHaJTTkgiQHNKphin,
S3RHSAWHZfLbP9BiGoRjH9,
7EeGk6WGmJ2kDf4nsmdzSz,
ZSCRAZrFtXPwV8VpLPkvDU,
WWdSnLarxkvgPxQBGwpfXx,
UbSU4e3rzYt89Zye7RsSUd,
azzA8wARmMQnJhxtWfHmFt,
HViA5kFi9Eoi2Y8A9WWjar,
SfFWR7wDnPRnkSTPvvXyij,
K5LiZKgFMTBQipGMDFLkZb,
7vs6sk7bCT8JBuUxVjebSD,
HVknH9ZJxutfJdZ9mK4v7x,
93qsgVj27TVmJynLUHPUPj,
L5ZqUgUwWQ5JaK6rfPba8n,
B6Hz8NCB7C7T8X3s3yJ8ML,
JLVWZyCTTVveodz3ipgDM9,
UcYdMxyyHg8k9vcusGDLkj,
9iv7ozBqizGwXGojtEQJAK,
S8YPqCJWNPQepZaGUHxzJV,
ESH29VxRxC3Wpbh9LL2qQ5,
YgRNwMnHTFAegDKKAwAG6T,
6iGTUxiVAYtnY6JyMqvTx4,
nYhaAmudr8jCh6eFNR3UgR,
g5rJNCjwhV3d6AhY62qMrZ,
9qZo4fvnCwkuSDjJFnRdQb,
ay2mPRBwymbqfdb95bENK7,
TJKNufHjmu6HP2uXUVgzuY,
DqpGng7dejkqLpX3Khrtzo,
3KDiFu42ubZg8JC2UkkAKg,
Qb37RGMcniu2yHXm8ebXQC,
JYCAqC57wBQo4Ce99r62GS,
fqPb2UVbdAZoj6yetVJJHp,
7r4rvc5RQSaWdKnv9Gh6U4,
kGeVorCndUfiYh6Re6Z7si,
GHWJUyht4eRCRk9CcnLwLH,
jMgAy6EX2c64mWTNg6jwon,
Fr4pGA2QPQ8z8Bn3UDFsbB,
5334sDxdbFdSoqMMnCBMZN,
SxiUHfrcWBQB4SsC4rAHvG,
et2uDZfFBLanjxT4vAnY4w,
28N59ExRkcfs7pqjiU7VH9,
EqujpnGuJaGYLUXj4XQovS,
Pzf6SmCNfJFFPPSAE6qFRC,
DnPp3b2P6QRVm8ZZigcVe6,
P6LXFRgcMDMoVpiFcPmf9m,
A7oPJPKx2GhDXHTuwZaiEH,
amvTpLyjESzcytLR9pBqSJ,
5t8Hs3ojNZUrUeErod3cic,
Wpm3psG2WgxuajK9RMGJfM,
6hKqt87mEHLew8BCA7n7sQ,
4yFvvRSU8FAQT73FYJBu5a,
BuLZ9jVxsa5Rc8XwhBjWML,
a27FUPUmWq37qedciwBQ29,
Y9EGxPVnspTXWusGwrg6Zj,
JmCWq4wuDRBUAC8m3bYmhG,
JkgEr7JfxVNsEr7KKurs6M,
YqgPtuvtCYij7XGbcSgBgB,
dxAbLTwXyWkgxKXzUvKB7Y,
TToCKsYc9Re64u2bnGFEZW,
KRu2Z5zRd2SzfADqSKt2wM,
DoRCU6U6KTMYVrUzRUcH8r,
e35aPEXQKhS4SEKAvco44o,
FLcfdG5dpj4zSCbAdetZei,
SkvsahGBY4HhsPj5zh9xrt,
28qNcw7mJhJihTH8VQeoLM,
fEsTzR3k3tct7XYazUBNvB,
UdqSJopWM23qGsiTvRWssA,
UMAot4Ran6HmmSUpThYisf,
GbiQurwkLbcvYhXSm8Zcb6,
Mj7HdpjEtbJZacypQ8uKgs,
CHZ4bcE6RqumJ5SYVL6i3M,
jpSEvPrmoTusK8XQCTPQBF,
MZjf4PmZc5kcxPcDfjP3db,
PYYwABJdVFixpMkZrtyN2f,
SgbX5cMrVFhFZBc9mzqHxo,
YKGmdNSRdWapEVrKbW5Mbf,
YtfSX84Lebe3PUhMrJQNcG,
WjNwYkTEYcNFdzpCsbaA23,
4UiLrzi8Hz3AsJEHfJFpMj,
2AcJegznA7csRepfFGHxds,
VpJF6cmnA63MWcvnYzwJqZ,
gGKWYdM4MV667JTNVBXrew,
LxVHJQ3PyQmvg94hzfhDwk,
h3NbztGzNY662WLsHCvciP,
9FjqADHZVwPTEdtbzq9WPX,
dTkW3CQ7MPePPfkudhrLtY,
2jgHAET6TUmPFvQ8Rhxyxx,
QYUYaS4Qj4xhMwsCiTExTr,
T8BWCMHPbjRKx65LNbdySi,
QbJ8pbA9637HBWLajaxtLz,
JbN5sArJywGzw54Z6cXkNE,
a6wVhr9QK58WtXNCq6nLis,
eDG6CoYdmSBfuvWHS28VfV,
nQz2FMGLRhmaNRT8YTanyF,
E6NAzdptNtbwXTP8eHvExp,
j9XdC3bXcTVfDJ96ztUGXG,
F8Es7wGVFyjDJhHDRyAN4H,
Qt9zLu4PmtokbDhicvfPuZ,
XaqVjK7QRRbY9zETJHLXf3,
dL4GNKUdwSkjyg5KzgTcNM,
9X3oAicpeLWvEUi8VGgNgJ,
PeLcT3prjPGcRfHZraGUZX,
CrEZjX9ejQCngtq2AHtZkQ,
eoZUA3hd93hvW7pMVBbtd4,
ahrF6thQnof4BzYvm7jNQT,
JGMuB7cChLYfYjvLkeXFmX,
CFVT8pX8WkuwrbJpL7zmUx,
2pKgmhGQZ5btPBXJ6e4S6A,
bEP47G2mcL9booqRaZEHPd,
8Ni8vvEDVhhe5qAFkxLZix,
CJF5WitbRkkBco5sz5XKto,
bQXQ9YcmRHAUv7h5MYutZd,
B3bNtKbkUDZP8jqn8uR28r,
UyjjATv2GGfa6AmAhBT8TW,
mDM9GY3hKBEji25GgMEvPt,
DhTbbBXdsoxfVQe68yY9jP,
LRT3P5qJznNXFh8oDSAv4H,
6D7bYDxgjYdtmvEuWumJNb,
9E3nNawAH2kqoUFtKgjQrm,
XKvEiYRQ7xRPw92rEriv4X,
GF3cUi6LyY2i6vh7vtU3zK,
53tyXZ3TAXtsfZ3wdzwMZJ,
JZZBXBpxt4FrNbn2DncSR8,
jGMwvoLNi5G7DcBuVTK2fD,
BBhW5ZDSh6okpouLLaTuzy,
5aSZTd7MFUtSz4jp9LZZQw,
24bZgC7iKRtRj8M25Ps7A3,
LvgYGF9QbZjiTwDkEmaAAT,
SKHPbZVKZAsoVyTh2yFtjF,
