tag,occurance
Open in app,1772
Data Engineering,1309
Big Data,390
Data,244
AWS,104
Spark,91
DevOps,78
,76
Google Cloud Platform,74
Airflow,71
Apache Spark,69
Etl,67
Data Warehouse,67
Analytics,66
Data Science,53
Podcast,51
Cloud Computing,49
Sql,49
Kafka,48
Database,47
Data Pipeline,46
Data Lake,46
Software Development,43
Software Engineering,42
Kubernetes,39
Engineering,38
Programming,37
Docker,36
Hadoop,35
Bigquery,35
Data Analytics,35
Serverless,33
Snowflake,32
Azure,31
AI,30
Data Analysis,30
Hackathon,29
Technology,27
Business Intelligence,27
Open Source,26
Startup,26
Data Visualization,26
Scala,24
Software,20
Apache Airflow,20
Looker,20
Hiring,19
Tech,18
About Insight,18
Data Engineer,18
Gcp,18
 ,18
Health Data,17
Elasticsearch,17
Distributed Systems,17
Insight Data Engineering,16
Software Architecture,16
Design,15
Apache Kafka,15
Web,15
Certification,15
Instagram,15
Redshift,14
Cloud,14
Apache,14
Amazon Redshift,14
Machine Learning,14
Postgres,14
Data Architecture,14
Big Data Analytics,14
NLP,14
Stream Processing,13
Platform,13
Computer Vision,13
Monthly Digest,13
Data Engineering Digest,13
Streaming,12
JavaScript,12
Blockchain,12
Hive,11
Java,11
Pyspark,11
Infrastructure,11
Dataops,11
Data Quality,11
Apache Beam,10
Mobile,10
Postgresql,10
Microservices,10
Databricks,10
Towards Data Science,10
Team Building and Processes,10
Data Platforms,9
Security,9
Data Integration,9
Data Governance,9
Data Streaming,9
Performance,9
Backend Development,9
Dataflow,8
Finance,8
Pandas,8
MySQL,8
Delta Lake,8
Databases,8
Data Modeling,8
Data Processing,8
Aws Glue,8
Jobs,8
Mongodb,8
Product,8
Leadership,8
Cassandra,7
Google,7
Real Time Analytics,7
AWS Lambda,7
Azure Data Factory,7
Backend,7
Data Scientist,7
Testing,7
API,7
Engenharia,7
Ci ncia,7
ML,7
IoT,6
Apache Flink,6
NoSQL,6
Economics,6
People,6
Agile,6
Data Warehousing,6
Functional Programming,6
Elt,6
Dbt,6
Engenharia De Dados,6
Optimization,6
Workflow,6
Book Review,6
CULTURE,6
Code,6
Life,6
Know Your Data,6
Fintech,5
Workflow Automation,5
Web Development,5
Conference,5
Data Collection,5
Big Data Pipeline,5
Gcp Certification,5
Tutorial,5
Visualization,5
Product Development,5
DATA,5
ENGINEERING,5
DIGITAL PRODUCT,5
BUSINESS GROWTH,5
Amaro,5
Career Development,5
Firefox,5
Privacy By Design,5
UX Design,5
Growth,4
Cloud Data Fusion,4
Amazon Web Services,4
Privacy,4
Development,4
Python,4
Advantages of TypeScript Getters and Setters in Angular,4
Terraform,4
Product Management,4
Olap,4
Data Management,4
S3,4
Debezium,4
Nifi,4
Parquet,4
Sql Server,4
Pipeline,4
Google Cloud,4
Git,4
Internet of Things,4
Automation,4
Flink,4
Mozilla,4
Inloco Platform Overview,4
How To,3
Product Updates,3
Mapreduce,3
Containers,3
Itnextsummit,3
Itnext,3
Data Privacy,3
Google Analytics,3
Learning,3
Sign in,3
Avro,3
Cloud Storage,3
Open Data,3
Data Infrastructure,3
Metadata,3
Cloud Services,3
Raspberry Pi,3
Dataframes,3
Udacity,3
Reporting,3
Interview,3
Google Cloud Storage,3
Web Scraping,3
Athena,3
Data Factory,3
Marketing,3
Ci Cd Pipeline,3
Front End Development,3
Careers,3
Kafka Streams,3
Azure Databricks,3
Computer Science,3
Google Big Query,3
Power Of Data,3
Data Migration,3
Kafka Connect,3
Salesforce,3
Change Data Capture,3
Realtime,3
Wealthfront,3
Bluecore Engineering,3
Bluecore,3
Coding,3
Insights,3
AI Machine Learning,3
IIoT IoT,3
Writing,3
Other Stuff,3
What Why How,3
Data Engineering Cloud,3
Business,3
Continuous Delivery DevOps,3
Ops,3
Continous Testing,3
Product News,2
GIS,2
AI ML,2
Front End,2
News,2
Cloudera,2
Dataengineering,2
Guides And Tutorials,2
Apache Storm,2
Linux,2
Kinesis,2
Education,2
Apache Hadoop,2
Graph,2
Streaming Analytics,2
Monitoring,2
Prefect,2
Continuous Integration,2
Aws Athena,2
Data Storage,2
Gdpr,2
SQL,2
Tecnologia,2
97 Things,2
Google Bigquery,2
Sqoop,2
Customer Data Platform,2
Data Driven,2
Timeseries,2
Web Analytics,2
Spark Sql,2
Apache Nifi,2
Data Driven Decisions,2
Data Security,2
Hbase,2
Elk,2
Professional Development,2
What is an Abstraction ,2
Margarita Roi,2
Spark Dataframe,2
Storage,2
Jupyter Notebook,2
Backup,2
Spark Streaming,2
Nodejs,2
Qwiklabs,2
Scalability,2
Amazon Emr,2
Work,2
Training,2
Google Cloud Composer,2
Pub Sub,2
Best Practices,2
Ubuntu,2
Fraud Detection,2
A B Testing,2
Lambda Architecture,2
Amazon S3,2
Dashboard,2
Presto,2
AI General,2
BISA AI News,2
Programming Python,2
Bisaai News,2
Dataset,2
Horizonx,2
QA,2
App Development,2
ML Analytics,2
Cloud DevOps,2
Proof of Concepts,2
Culture,2
Daily Mover,2
Company News,2
Virtualization,2
Platform as a Service,2
Druid,2
Inloco Platform,2
Leftjoin,2
SQL on NoSQL,2
APIs for MongoDB,2
APIs for DynamoDB,2
APIs for Kafka,2
Tableau,2
Tokopedia,2
Jacopo Tagliabue,2
GCP,2
Artificial Intelligence,1
Hdfs,1
Community Engagement,1
Opinion,1
Remote Working,1
Learn Programming,1
Data Pipelines,1
Redis,1
Jenkins,1
Modern Business,1
Mass Street University,1
Flask,1
Relational Databases,1
Metodologias,1
Inside,1
Streamsets,1
Frontend,1
Teknologi,1
Astronomy,1
Lag,1
Scraping,1
here,1
Message Queue,1
Taking Advantage of Automated Text Analysis Tools for Better Research and Learning Processes,1
Graph Database,1
Career Advice,1
Deep Hive Deep learning live on stage,1
Google Sheets,1
Graph Databases,1
Geospatial Data,1
Streaming Data,1
Query Optimization,1
Carreira,1
Facebook Ads,1
Elastic Stack,1
Job Hunting,1
Employee Experience,1
Vancouver,1
Azure Certification,1
Azure Data Lake,1
Microsoft,1
Ecommerce,1
Concurrency,1
Meetup,1
Domain Driven Design,1
Ddd,1
Data Vault,1
Aws Ecs,1
Aws Fargate,1
Unix,1
Atlassian,1
Spring Boot,1
Json,1
Apache Kylin,1
Cloud Certification,1
Structured Streaming,1
Index,1
Coursera,1
Data Analyst,1
Snowflake Computing,1
Aws Emr,1
Recommendation System,1
Analysis,1
Sap,1
Sap Data Services,1
Internships,1
Csv File,1
Digital Transformation,1
over 1 year ago,1
1,1
San Francisco,1
Job Search,1
Emr,1
Perl 6 small stuff 9 Vantage points and the perception of speed,1
Predictive Analytics,1
Data Intelligence,1
Productivity,1
Gcp Data Engineer,1
Oracle Database,1
Product Design,1
Museum Technology,1
Data Lifecycle,1
Scaling,1
Spark Rdd,1
Migration,1
Google Certification,1
Personalization,1
Cicd,1
Azure Key Vault,1
Java8,1
Time,1
System,1
Apache Hive,1
Business Process,1
Digital Health,1
Advanced Analytics,1
Cluster,1
Dwh,1
Ethereum,1
Cosmosdb,1
Table Partitioning,1
Sign up and get an extra one for free ,1
Csv,1
Dev Arch,1
DevOps SRE,1
Debugging,1
Algorithm interview,1
Network,1
Water,1
Streets,1
Schools,1
Future of Gov Ops ,1
Govops,1
Grafana,1
Prometheus,1
Aws Ec2,1
Analytics Engineering,1
Gitlab,1
Data Discovery,1
Recommender Systems,1
Digital Marketing,1
People Culture,1
Predicting Ben Simmons 3 Point Percentage using Machine Learning,1
7 Alternatives to the div HTML Tag,1
Advice,1
Consulting,1
Benchmark,1
K8s,1
Dremio,1
Ciencia De Dados,1
Self Service,1
Datagrip,1
Orchestration,1
Healthcare,1
Experiment,1
Powershell,1
Excel,1
Cloud Infrastructure,1
Em Portugu s,1
Gpu,1
Argo,1
Telemetry,1
Anti Fraud,1
Argoproj,1
All,1
Chatbots,1
LIFF,1
Culture lifestyle,1
Linedevth,1
Oracle Cloud,1
Scheduling,1
Covid 19,1
BIG DATA,1
BIG SCALE,1
WEB technology and best practices,1
Technical leadership,1
Talks and meetups,1
Nuances Of Programming,1
Crawling,1
Compression,1
Azure Synapse Analytics,1
Schema Evolution,1
Python Programming,1
Developer,1
Sales,1
Data Preparation,1
Open Data Study ,1
Data Engineering ,1
Data 101 ,1
Cloud Functions,1
Data Sceince,1
Media,1
Frameworks,1
Articles,1
InfoSec,1
Appsflyer,1
Data Strategy,1
Editors Pick,1
Text Analytics,1
 TUTORIALS,0
Aviation,0
Batch Processing,0
Policy,0
New York City,0
Urban Planning,0
Rest in Peace,0
Instagram Cause of Death Facebook ,0
Machine Intelligence,0
ML DS Leadership,0
Emumba,0
See all 9 posts n ,0
dbt tags,0
See all 21 posts n ,0
See all 16 posts n ,0
Press Releases,0
Guides,0
Interviewing Techniques,0
Interviewing Tips,0
Insight Devops,0
Seattle,0
Boston,0
initial brute force,0
on GitHub,0
Jepsen Series,0
Learn To Code,0
Google Cloud Data Fusion,0
Geohash,0
Maps,0
Hoteltonight,0
Audit,0
Financial Data,0
Geospatial,0
Customer,0
Problem Solving,0
Career Paths,0
Saltside,0
 NET,0
Neo4j,0
Pwa,0
Mobile Web Development,0
Outsystems,0
It Training,0
Newsletter,0
August,0
Netherlands,0
Diversity In Tech,0
Diversity,0
Docker Compose,0
Cryptocurrency,0
Brukeropplevelse og design,0
Strategi og forretningsutvikling,0
Bedriftskultur,0
Best of,0
 Teams blog ,0
Join Us,0
Linux Tutorial,0
Windows Server 2016,0
Vmware Workstation,0
Testing Labs,0
Rankings,0
Window Functions,0
Algorithms,0
Go,0
Backend SRE,0
17 Media,0
Infosec,0
Parallel Computing,0
Data Mining,0
Ansible,0
Craftsmanship,0
Twitter Data,0
Panama Papers,0
Inhouse Analytics,0
Sports Data,0
Dream11,0
Dream11 Data,0
Python3,0
Dec 22,0
2017,0
Task Manager,0
Sap Hana,0
Data Driven Design,0
Customer Data Analytics,0
Service Level Agreement,0
Conferences,0
Data Curation,0
Data Catalog,0
Data Economy,0
Graph Theory,0
Algorithmic Trading,0
Podcasts,0
Customer Tracking,0
Data Warehouses,0
Knowledge Graph,0
Distributed Filesystems,0
Encryption,0
Dynamodb,0
Lgpd,0
Dba,0
Schema,0
Agile Methodology,0
Mac Cheese,0
Cursos,0
Free,0
Join,0
Geodata,0
Eli5,0
Helloworld,0
Newbie,0
Spring,0
Rabbitmq,0
Asynchronous,0
Apache Phoenix,0
Apache Hbase,0
Advertising,0
Customer Insight,0
Adwords,0
Cross Account Access,0
Data Sicence,0
Aws Dynamodb,0
Aws Rds Snapshot,0
Rds,0
Datapipeline,0
Big Data Engineering,0
Serverless Framework,0
Amazon,0
Expat,0
Entrevista,0
Aws S3,0
Spark To S3,0
Software Developer,0
Incremental Data Load,0
Full Data Load,0
Beginners Guide,0
Zookeeper,0
Online Education,0
Mobile Advertising,0
Dmp,0
Razorpay,0
Oltp,0
Build Instagram by Ruby on Rails Part 2 ,0
Jams Scheduler,0
Roboticprocessautomation,0
Information Technology,0
Cerner,0
Find Relevant Top Hashtags Using Python,0
Cloud Sql,0
25 Min Writing,0
Atlas,0
Olah Data,0
Load Files To Azure,0
Communication,0
LGBTQ,0
Put Your Data Where Your Hashtag Is,0
Qlik,0
Qlik Sense,0
Alluxio,0
Flume,0
Multithreading,0
10 HTML Tags You Didn t Know You Needed,0
Pdf Parsing,0
Upsert,0
Basics Of Apache Spark,0
Time Travel,0
Autoincrement,0
Data Scienc,0
Dashboar,0
Data Science Tools,0
Fivetran,0
Career Transition,0
Underutilised,0
Job Change,0
Shell,0
Command Line,0
Automation Tools,0
Data Integrity,0
Data Brokers,0
Tech Team,0
Soap,0
Microsoft Power Automate,0
Power Automate,0
Sharepoint Online,0
Tracking Software,0
Engineer,0
Navigating The Rise,0
Asian American,0
Dummy Data,0
Random Data Generator,0
India,0
Price Intelligence,0
Competitive Intelligence,0
Competitor Analysis,0
Pricing Strategy,0
Marketing Operations,0
Kissinger,0
Humanities,0
Columnar Databases,0
Postgis,0
Parcel,0
NYC,0
Cron,0
Framework,0
Batch,0
Business Analytics,0
Need Of Spark,0
Hortonworks,0
Hdinsight,0
Power Bi,0
Business Analyst,0
Career,0
Parallel Processing,0
Processors,0
Rest Api,0
Spark Snowflake,0
Snowflake Connector,0
Mapping,0
Data Porn,0
Data Engineer Salary,0
What Is Data Science,0
Data Analyst Jobs,0
Tagging,0
Itindustry,0
Bengaluru,0
Mssql,0
Kafka Connect docker image,0
Aws Msk,0
Personal Development,0
Globant,0
Big Data Storage,0
Data Modernization,0
Motivation,0
Stream,0
Azure Sql Data Warehouse,0
Exam Preparation,0
Alteryx,0
Refactoring,0
Custom struct field tags and validation in Golang,0
Vegacorp,0
Life At Mapan,0
Blob Storage,0
Pii,0
Banco De Dados,0
Tcc,0
Career Growth,0
Silicon Valley,0
Humor,0
Interview Preparation,0
Experience,0
Blog,0
Google Cloud Dataproc,0
Apache Lucene,0
Project Management,0
Risk Management,0
Risk Analysis,0
Data Catalogs,0
Compliance,0
Knowledge Engineering,0
Knowledge Management,0
Star Schema,0
Datacamp,0
Learning To Code,0
Shazam,0
Lookml,0
Data Analytics Tools,0
Future Of Ai,0
Beam,0
CRM Data Migration,0
Iot Platform,0
Oracle,0
Troubleshooting,0
Oracle Goldengate,0
Google Adwords,0
Stackdriver,0
Design Principles,0
Solid,0
ankita gulati,0
Engenheiro De Dados,0
Food Safety,0
Deploying Standalone JupyterLab on Kubernetes for Early Stage Startups,0
Cheatsheet,0
Dataops Automation,0
Metadata Management,0
Influence vs Engagement Exploring Instagram fashion in Python,0
Osak,0
Data Lineage,0
Data Testing,0
Clickstream,0
Linked Open Data,0
Cultural Heritage,0
System Architecture,0
Email,0
Closure,0
Adjacent Discipline,0
Extract,0
Jupyter,0
Jupytext,0
Data Team,0
Product Analytics,0
Demystified,0
Inventory Management,0
Understanding Elixir s GenStages Querying the Blockchain,0
S3 Bucket,0
Amazon Athena,0
Stitchdata,0
Partitioning,0
Data Deduplication,0
Go How to Take Advantage of the Symbols Table,0
Scala Programming,0
Rdd,0
Artefact,0
Snowflakedb,0
30 Day Challenge,0
Windows,0
Windows 10,0
Engineering Principles,0
Engineering Leadership,0
Google Cloud Certified,0
Data Transformation,0
Payment Processing,0
I Wrote a Pipeline to Publish the Best of Reddit to Instagram,0
Ott Trends,0
Recommendation Engine,0
Weekly Readings,0
Google Data Studio,0
Cost Optimization,0
Firstory,0
Apache Parquet,0
Command Line Tools,0
File Format,0
Database Development,0
common practice,0
Parsing,0
Thrift,0
Exam Preparation Tips,0
Terminal,0
Log,0
Kibana,0
Modern Data Architecture,0
Mapr,0
Confluent,0
Business Development,0
Protobuf,0
Grpc,0
Logging,0
Logstash,0
Bid Data,0
Ingestion,0
Semi Structured Data,0
Microsoft Azure,0
Overview,0
Good,0
Thoughtspot,0
Digital Agriculture,0
Purdue,0
Data Science Courses,0
Machine Learning Mini Project Early Stage Diabetes Prediction,0
Dockerfiles,0
Food Delivery,0
Swiggy,0
Genetic Algorithms for Fun and Profit,0
iVantage Technical Blog,0
Are We Taking Only Half Of The Advantage Of Columnar File Format ,0
Impala,0
Programing,0
Cincinnati,0
Effort,0
Bdd,0
Tdd,0
Task Scheduling,0
Datawarehouse,0
Amazon Aws,0
Data Swamp,0
Systems Thinking,0
Part 3,0
Part 4,0
https www simoahava com analytics css selector guide google tag manager ,0
https www simoahava com analytics enhanced ecommerce guide for google tag manager ,0
Google Tag Manager,0
Data Ownership,0
Case Study,0
Using Python to scrape Instagram to answer the question u200a u200awhy is Tyler C so popular ,0
Scam,0
Dao,0
Amsterdam,0
Gocd,0
Datadog,0
Metrics,0
Etl Pipeline,0
Udacity Nanodegree,0
Mooc,0
Jamf,0
Middleware,0
Azure Functions,0
Venture Capital,0
Private Equity,0
Cybersecurity,0
How to Export a List of Google Tag Manager Users Via the APIs,0
Sparksql,0
Shopgun,0
Jul 6,0
CREATE STAGE Snowflake DocumentationCreates a new named internal or external stage to use for loading data from files into Snowflake tables and unloading docs snowflake com,0
Snowflake Streams,0
Tutorial Web scraping Instagrams most precious resource u200a u200acorgis ,0
Parameters Snowflake DocumentationSnowflake provides parameters that let you control the behavior of your account,0
individual user sessions,0
and objects docs snowflake com,0
Virtual Warehouse,0
Compute Resource,0
Warehouseload,0
Warehousemetering,0
Politics,0
Elections,0
Female Engineers,0
Hospitaldatamanagement,0
Recovery,0
Chinese,0
Cawater,0
Elasticon,0
Search,0
Solr,0
User Behavior,0
Real Time Data Pipeline,0
Aws Step Functions,0
Dynamically position and center an HTML element with CSS,0
based on percentage,0
Kupp 2017 ,0
Networking,0
Fargate,0
Vpc,0
Cx,0
Airtable,0
What is a data layer what is a tag management system ,0
Email Marketing,0
Master Data Management,0
Workshop,0
Social Media,0
Selenium,0
Youtube Comment,0
Import Data,0
Ssl Encryption,0
Keystore And Truststore,0
Kafka Security,0
Ssl,0
Cloud Migration,0
Pivot Tables,0
Intellij,0
500th employee,0
Infographic,0
add UTM tags for Facebook Ads,0
add UTM tags for Microsoft Ads,0
Attriva,0
Amundsen,0
Agility,0
Great Place To Work,0
Day In The Life,0
Tech Engineering,0
Dotty,0
Scala Days,0
Talend,0
Github,0
Chemistry,0
Science,0
Ocr,0
Eeg,0
Blendo Product Updates,0
Analytics SQL,0
Customer Success,0
Digital Analytics,0
Google App Engine,0
growing number of posts,0
Weather Api,0
Weather Data,0
Weather Forecasts,0
Capital One,0
Performance Testing,0
Cask,0
Use Cases,0
Panoply,0
In A Circle,0
International,0
Interns,0
Telecom,0
Management And Leadership,0
Googlecloudplatform,0
Agile Development,0
Frontend Development,0
many questions,0
 MeToo,0
more than a hashtag a data based view on the current reality of the feminist phenomenon,0
Infrastructure Site Reliability,0
Criteo,0
este post,0
Comparison,0
Elk Stack,0
Site Reliability Engineer,0
Are We Taking Only Half Of The Advantage Of Columnar File Format Sorting the records in columnar data format is a critical design considerations that many of us have not paid medium com,0
Guide to Big Data Joins Python,0
DaskTo find the top average ratings for movies you need to join links to metadata to ratings SELECT m title,0
avg r rating towardsdatascience com,0
3 Libraries You Should Know to Master Apache Kafka in PythonFirst thing first Why Kafka Kafka is intended for boosting an event driven architecture It empowers the architecture towardsdatascience com,0
questdb questdb Release 5 0Migrated to Java 11 272 Fixed 154 SQL vectorized group by hour timestamp 398 SQL cancel active read only github com,0
 Choose SQLLets get straight to the point choose an SQL database for your web application I think I cant make my self clearer stateofprogress blog ,0
Release 4 2 hazelcast hazelcast jetWe added Change Data Capture CDC support for PostgreSQL and MySql New connectors use Debezium to provide a github com,0
DynamoDB vs Hadoop vs MongoDBThe best database for your current business needs is usually dependent on the skill set of your dev team and the dev to,0
Keeping your ML model in shape with Kafka,0
Airflow and MLFlowHow to incrementally update your ML model in an automated way as new training data becomes availablemedium com,0
Google Cloud Advantages over AWSIntroductionitnext io,0
Data Discovery Tools,0
Data Management Platform,0
Sdk,0
Data Tools,0
Data Product,0
Streaming Etl,0
Cloud Provisioning,0
Enterprise Data Warehouse,0
Governan a De Dados,0
Ci ncia De Dados,0
Mariadb Maxscale,0
Load data from S3 to Redshift,0
Cloud Architecture,0
Enterprise,0
May 1,0
2018,0
Data Product Creation,0
Jdbc,0
Slack,0
How to take advantage of Dependency Injection in xa0 Net Core 2 2 Console Applications,0
have an option to enable syntax checkers and query beautifiers and linters,0
Style Guides,0
Luigi,0
Game of Thrones,0
Deaths,0
Database Migration,0
Property,0
Delivery,0
Contractors,0
Satellite Imagery,0
Development Seed,0
Tips Tricks,0
CMS,0
Automotive,0
Google Dataflow,0
Api Gateway,0
Kubernates,0
Reliability,0
Engineering Culture,0
Engineering Impact,0
Mental Models,0
Optimizely,0
Arduino,0
Data Performance,0
Everoad,0
Trucking Industry,0
Aws Batch,0
Observation,0
Bazel,0
Bitcoin,0
Flo,0
Data Fusion,0
Architectural Design,0
Technology Data,0
http www googblogs com tag bigquery ,0
Systems,0
Google Next,0
Integrating Tagify on a web site,0
Timeseries Forecasting,0
Spark Summit,0
Metrics And Analytics,0
Getting Started,0
stage area,0
Securing and managing multi cloud Presto Clusters with Grab s DataGateway,0
Hasbrain,0
Dag,0
Apache Pulsar,0
Big Data Stories,0
Developer Ecosystem,0
Reactive Programming,0
Giovanni Ramos Gonzalez Tagliaro,0
Rbac,0
Abac,0
Mathematics,0
Linear Algebra,0
Ubiquitous Computing,0
In Loco,0
In Loco Tech,0
Rundeck,0
Hyperloglog,0
Take Advantage of the Enum Class to Implement Enumerations in Python,0
Codementor,0
Improvement,0
Kabbage,0
Bi Tools,0
Vkontakte,0
Plotly,0
Russia,0
Learn Sql,0
Continuous Delivery,0
Life at Mapan,0
Social Impact,0
TECH,0
PEOPLE,0
Clickhouse,0
Golang,0
Fluentd,0
Data Collector,0
Workflow Management,0
Loftworld,0
Android Tutorial Taking Advantage of the Builder Pattern for Code Flexibility,0
C digo,0
Inova o,0
dbt,0
Google BigQuery,0
Clojure,0
Clojurescript,0
Shopper,0
Ai Infrastructure,0
Observability,0
Mlops,0
Machine Learning AI,0
Why Action is a bad name for a Redux Action,0
magnetis backstage,0
Data For Good,0
Coronavirus,0
Angular,0
Typescript,0
Nielsen,0
City Planning,0
Interaction Design,0
Civic Tech,0
Legacy Code,0
Cloud Native,0
Disaster Recovery,0
Iaas,0
this library does in Data Catalog,0
Data Mesh,0
Palantirtech,0
Collaboration,0
Apache Impala,0
Data Services,0
Data Extraction,0
Techlife,0
Analisis,0
Parser,0
Compilers,0
Domain Specific Languages,0
ini,0
JVM,0
Kyd,0
E Commerce Solution,0
Why We Chose,0
Decision Making,0
Don t Use cin and cout in C ,0
rajat aggarwal,0
Microsoft Graph,0
Catboost,0
Machine Learning Tools,0
staging and production ,0
Gzr,0
Bhuvanesh,0
Boto3,0
Cloudfoundry,0
Feathersjs,0
Python Logging,0
Code Quality,0
Data Vizualisation,0
Connector,0
Datalake,0
TensorFlow,0
 ENGINEERING,0
 PRODUCT,0
 PEOPLE,0
 LEADERSHIP,0
Messaging,0
Network Engineering,0
Network Security,0
Idempotent,0
Idempotency,0
Tabpy,0
Data Sharing,0
Apache Drill,0
Tableau Server,0
Log Files,0
Hyper,0
Hudi,0
Punchh,0
Using form tag and params to create a search or render a sorted view in Rails,0
Black Holes,0
Json Schema,0
Owasp,0
Gke,0
Composer,0
Nov 11,0
2019,0
Self Improvement,0
Startup Lessons,0
Entrepreneurship,0
Deployment,0
Serialization,0
ED T RDEN,0
 D nyas ,0
K SEL GEL M,0
EDEB YAT,0
G R MC L K,0
K lt r Sanat,0
T rk e,0
B y k Veri,0
Design e UX,0
Opini o e Mercado,0
Back end,0
Emprego,0
Dicas,0
Engenharia De Software,0
Udaf,0
Aggregation,0
Continuous Improvement,0
Astronomer,0
Data Democratization,0
Hong Kong,0
Top 20 Visualization Dashboards for Mapping COVID 19,0
Advantages,0
Cloud Scheduler,0
History,0
Api Integration,0
0 10,0
Launch,0
Releases,0
Surprise,0
Prefect Core 0 13,0
Life Stories,0
Young People,0
Apache Air,0
Postgres TimescaleDB,0
Tutorials,0
Community Updates,0
Customer Segmentation,0
Tokopedia Data,0
Tracking,0
Datahub,0
Data Tracking,0
Life At Tokopedia,0
repo,0
jacopo tagliabue tooso ai,0
Tooso,0
Validation,0
Traveloka,0
Aws Dms,0
Performance Improvement,0
Wfhcovid19,0
Data Validation,0
Autonomous Systems,0
Online Learning,0
Opsgenie,0
Unsplash,0
DNS,0
Tools,0
Business Platform,0
Akka Streams,0
Akka,0
A Day of Data ,0
Tools ,0
Sharing ,0
Career Stories ,0
WiDS Taipei 2020 ,0
Events ,0
About ,0
Sharing,0
Taiwanese In Data Science,0
Technical articles,0
Culture Experiences,0
Technology trends,0
Distributed Processing,0
Parallelism,0
Insurance,0
Gig economy,0
Life at Zego,0
Tech Blog,0
Storytelling,0
Android App Development,0
Iformbuilder,0
Netflix,0
Cloud Networking,0
airflow,0
big data,0
data engineering,0
data infrastructure,0
Snowplow,0
Hahow ,0
Spectrum,0
Eng,0
Android,0
iOS,0
Kotlin,0
Intern,0
Sysadmin,0
Innovaci n,0
Data Retrieval,0
Fast Data,0
http www sophisticatedmeans com tag data engineering ,0
Rdbms,0
Tds Narrated,0
Recruiting,0
Data Warehouse Toolkit,0
Code Smells,0
Food,0
Methodology,0
Chrome Extension,0
Grab,0
Data Cleansing,0
Ecs,0
Indexing,0
Materials,0
Load Testing,0
Jmeter,0
Python List Comprehensions,0
Programming Languages,0
DataStage,0
Azure Kubernetes Service,0
User Interface,0
Business Data Analytics,0
Junior Developer,0
University,0
Technical,0
Management,0
